SMILES,Odor,Stimulus,CID
CCCCC=COC(=O)CCCCCCCC,fruity; green; herbal; oily; waxy,-955348933095,-955348933095
CC(=O)OCC1C=CC(C(C)C)CC1,fruity; herbal; spicy; woody,-923209957509,-923209957509
CCCCCCCCC(OC(C)=O)C(=O)OC,apricot; buttery; peach,-874408321546,-874408321546
CCCCC=COC(=O)C(C)CCC,apple; fruity; green; tropical,-873963935677,-873963935677
CCCC(S)COCC,catty,-862841422647,-862841422647
CCCCCCCC=CC(=O)OC(CCCCCCCC)C(=O)O,milky,-848964121442,-848964121442
CCCCC=COC(=O)C=CCCCCC,fatty; fruity,-824509018158,-824509018158
CC(C)CC(C)(O)C1CCCS1,catty; green; lemon; sulfurous; tropical,-814358720178,-814358720178
CC(=S)OC1(C)OCCC1C,meaty; roasted; sulfurous,-810574975629,-810574975629
CCCCCC(OCC)OCCC,apple; green,-769823381108,-769823381108
CCCCC=COC(=O)c1ccco1,caramellic; fruity; green; sweet; tropical,-715392619320,-715392619320
CCC=CC(=O)OC=CCCCC,fruity; green; tropical,-642230313989,-642230313989
CCCC(CS)OC=O,black currant; catty; fruity; roasted; sulfurous; tropical,-616034955208,-616034955208
CCCCCCCCC(=O)C(=O)OC(=C(C)C)C(O)CO,buttery,-589819164142,-589819164142
CCCC(CCOC)[SH]=C(O)OCC,black currant; coffee; roasted; sulfurous; tropical,-577518874063,-577518874063
CC=CCOC(=O)C(C)CCC,apple; ethereal; fruity; plum; sharp,-555789259302,-555789259302
CC1=C(OC(=O)CO)CC(C(C)C)CC1,citrus; herbal,-539027388368,-539027388368
Cc1coc(C(=O)c2cccs2)c1C,meaty; sulfurous,-536536091492,-536536091492
CCCCCCCCCCC(OC=O)C(=O)OC,buttery; fatty; peach,-532443835007,-532443835007
CCCC(=O)CCSCc1ccco1,burnt; meaty; roasted,-526637194554,-526637194554
CCOC(=O)C1(c2ccccc2)OC1CC,berry; fruity,-521801045481,-521801045481
CCCCCCCCC=CC(OC)OC,citrus; fruity,-491960711349,-491960711349
SCC1CC=CS1,meaty; roasted; sulfurous,-468405094669,-468405094669
CCCOC(CC)OC(C)CCC,alcoholic; cognac; ethereal; green,-441877084569,-441877084569
CCCCCCCC=COC(=O)CC(C)C,apple; fruity; green; melon; tropical; waxy,-411945882527,-411945882527
CCCCCCCCCC(=O)Oc1ccccc1C,floral; phenolic; sweet,-389804435463,-389804435463
CC=CC1(C)CCOSC1(C)C,green; herbal; spicy; sulfurous; tropical,-382341259279,-382341259279
CCCSC(O)(CS)CCC,meaty; onion; sulfurous,-364029032463,-364029032463
CC(C)C=C(C=O)c1ccco1,green; herbal; oily; woody,-333456693241,-333456693241
CCCCC(C)C(C)(C)OC(=O)CC(C)C,floral; fruity; herbal; woody,-266093978319,-266093978319
CCCCCCCCC=CC=CC=CC=CC=O,fatty; oily,-259860539641,-259860539641
CCCC=CC(OCCCC)OCCCC,fruity; green; vegetable,-210999474125,-210999474125
CCC(=O)C(C)SSc1ccco1,meaty; nutty; sweet,-97585500558,-97585500558
CCCCCCCCC(S)C=O,citrus; fatty; tropical,-86422482515,-86422482515
CCC(=O)OC1(C)CCCCC1(C)C,fruity; herbal; mint; sweet,-70998382595,-70998382595
CC(CN)O,fishy,4,4
CCC(=O)C(=O)O,caramellic; creamy; fatty; sweet,58,58
C(C(=O)C(=O)O)S,cheesy; meaty; sulfurous,98,98
C1=CC(=CC(=C1)O)C=O,aromatic; medicinal; phenolic; sweet,101,101
C1=CC=C(C=C1)CCC(=O)O,balsamic; sweet,107,107
C1=CC(=CC=C1CO)O,fruity; medicinal; nutty; phenolic; sweet,125,125
C1=CC(=CC=C1C=O)O,almond; balsamic; hay; nutty; phenolic; woody,126,126
CC(C)CCC=O,cheesy; cocoa; fatty; fruity; herbal,129,129
C1=CC(=CC=C1C(=O)O)O,odorless,135,135
CC(=O)O,pungent; sour,176,176
CC=O,alcoholic; nutty; pungent,177,177
CC(C(=O)C)O,buttery; creamy,179,179
CC(=O)C,solvent,180,180
C(CCC(=O)O)CC(=O)O,odorless,196,196
CC(C(C(=O)O)N)O,sweet,205,205
C1=CC=C(C=C1)C=O,almond,240,240
C1=CC=C(C=C1)C(=O)O,balsamic,243,243
C1=CC=C(C=C1)CO,almond; fruity; sweet,244,244
CCCC=O,cocoa; fruity; green; malty,261,261
CCCCO,alcoholic; solvent; winey,263,263
CCCC(=O)O,buttery; cheesy; sour,264,264
C(=O)O,pungent,284,284
C1=CC=C(C(=C1)O)O,burnt; phenolic,289,289
C(C(=O)O)C(CC(=O)O)(C(=O)O)O,odorless,311,311
CC(C)C1=CC=C(C=C1)CO,oily; spicy,325,325
CC(C)C1=CC=C(C=C1)C=O,green; herbal; pungent,326,326
COC1=C(C=CC(=C1)C=C)O,smoky; spicy; sweet,332,332
CC1=CC=CC=C1O,medicinal; phenolic,335,335
CC1=CC(=CC=C1)O,dry; leathery; medicinal; phenolic,342,342
CCCCCCCC,gasoline,356,356
CCCCCCCC(=O)O,animal; fatty,379,379
CC(CC(=O)O)O,cheesy; fruity,441,441
C(C(C(C(C(CO)O)O)O)O)O,odorless,453,453
CCCCCCCC=O,fatty; fruity,454,454
COC1=CC=CC=C1O,medicinal; phenolic; smoky; sweet; vanilla,460,460
CSCCC(=O)C(=O)O,cheesy; sulfurous,473,473
C(C(C(=O)O)O)C(=O)O,odorless,525,525
CCC=O,green,527,527
CSCCC(=O)O,cheesy; cocoa; fruity; green; roasted; sulfurous; tropical,563,563
C(C(C(=O)O)N)S,odorless,594,594
C(CC(=O)O)C(C(=O)O)N,odorless,611,611
CC(C(=O)O)O,buttery; sour,612,612
CC(=O)C(=O)C,buttery,650,650
C1CC(=O)OC2=CC=CC=C21,coumarinic; hay; nutty; sweet; tobacco,660,660
C(C(=O)CO)O,fruity; sweet,670,670
CNC,fishy,674,674
CCOC(=O)C(C)C(=O)C,apple; fruity; green; winey,701,701
CCO,alcoholic; ethereal; sweet,702,702
C(C(=O)O)O,odorless,757,757
C1=CC=C2C(=C1)C=CN2,animal; cheesy; floral,798,798
CC(C)CC(C(=O)O)N,odorless,857,857
C(C(C(=O)O)O)(C(=O)O)O,odorless,875,875
CSCCC(C(=O)O)N,sulfurous,876,876
CS,cabbage,878,878
CC(=O)C=O,pungent; sharp,880,880
C1=CC=C2C=CC=CC2=C1,camphoreous; dry; gasoline,931,931
CCCCCCCCO,orange; rose; sweet; waxy,957,957
C(C(=O)C(=O)O)O,burnt; buttery; creamy,964,964
CCCCCCCCCCCCCCCC=O,fatty; orris; waxy,984,984
CCCCCCCCCCCCCCCC(=O)O,odorless,985,985
CC1(COC(=O)C1O)C,bread; roasted; sweet,989,989
C1=CC=C(C=C1)CC(C(=O)O)N,chocolate; cocoa,994,994
C1=CC=C(C=C1)O,medicinal; phenolic,996,996
C1=CC=C(C=C1)CC(=O)C(=O)O,burnt; caramellic,997,997
C1=CC=C(C=C1)CC=O,floral; green; honey; rose,998,998
C1=CC=C(C=C1)CC(=O)O,animal; honey; sweet,999,999
C1=CC=C(C=C1)CCN,fishy,1001,1001
C1=CC=C(C(=C1)C(=O)O)C(=O)O,aromatic,1017,1017
CC(CO)O,odorless,1030,1030
CCCO,alcoholic; fermented; sweet,1031,1031
CCC(=O)O,milky; pungent; sour,1032,1032
C1=CC=NC=C1,burnt; fishy,1049,1049
CC(=O)C(=O)O,burnt; sour,1060,1060
CSC,cabbage; pungent; vegetable,1068,1068
C(CC(=O)O)C(=O)O,odorless,1110,1110
C1CCSC1,alliaceous; burnt; cabbage; meaty; sulfurous,1127,1127
C(C(=O)O)S,sulfurous,1133,1133
CC1=C(SC=N1)CCO,beefy; meaty; nutty,1136,1136
C[N+](C)(C)[O-],fishy,1145,1145
CN(C)C,fishy; pungent,1146,1146
CC(C)C(C(=O)O)N,odorless,1182,1182
COC1=C(C=CC(=C1)C=O)O,creamy; vanilla,1183,1183
CC1CCC(C(C1)O)C(C)C,mint; musty,1254,1254
C1=CC(=C(C=C1O)O)C(=O)O,odorless,1491,1491
C(CS)O,burnt; chicken; meaty,1567,1567
CC(=O)C1=CC(=C(C=C1)O)OC,sweet,2214,2214
C(CCCC(=O)O)CCCC(=O)O,odorless,2266,2266
C1=CC=C(C=C1)COC(=O)C2=CC=CC=C2,balsamic; fruity; sweet,2345,2345
C1=CC=C(C=C1)CN=C=S,horseradish; pungent; radish; vegetable,2346,2346
CN1C=NC2=C1C(=O)N(C(=O)N2C)C,odorless,2519,2519
CC1(C2CCC1(C(=O)C2)C)C,camphoreous; fresh; mint,2537,2537
CCCCCCCCCCCCCCCCO,odorless,2682,2682
CC1(C2CCC(O1)(CC2)C)C,camphoreous; fresh,2758,2758
CC1=CC=C(C=C1)O,animal; medicinal; phenolic; smoky,2879,2879
CCCCCCCCCC(=O)O,cheesy; dairy; fatty; waxy,2969,2969
CCCCCCCCC(=O)NCC1=CC(=C(C=C1)O)OC,odorless,2998,2998
C(C(CS)S)O,sulfurous,3080,3080
C1=CC=C(C=C1)C(=O)C2=CC=CC=C2,rose,3102,3102
COC1=C(C=CC(=C1)CC=C)O,dry; pungent; smoky; spicy,3314,3314
C(CC=O)CC=O,apple; green,3485,3485
CC(C)C1=CC(=O)C(=CC=C1)O,phenolic; woody,3611,3611
CC(C)O,alcoholic,3776,3776
CCCCCCCCCCCC(=O)O,fatty; fresh; waxy,3893,3893
CC(=C)C(=O)O,pungent; sharp,4093,4093
COC(=O)C1=CC=CC=C1O,sweet; warm,4133,4133
COC1=CC(=CC2=C1OCO2)CC=C,spicy; woody,4276,4276
C1=CC=C(C=C1)CCCC(=O)O,floral; honey; sweet,4775,4775
C1CNCCN1,fishy,4837,4837
CCCOC(=O)C1=CC(=C(C(=C1)O)O)O,odorless,4947,4947
C1=CC(=CC(=C1)O)O,odorless,5054,5054
C1=CC=C2C(=C1)C(=O)NS2(=O)=O,odorless,5143,5143
C=CCC1=CC2=C(C=C1)OCO2,aromatic; spicy,5144,5144
CCCCCCCCCCCCCCCCCC(=O)O,odorless,5281,5281
CN1C=NC2=C1C(=O)NC(=O)N2C,odorless,5429,5429
CC(=O)OCC(COC(=O)C)OC(=O)C,ethereal; fruity,5541,5541
C1=CC(=CC=C1CCN)O,cheesy; fishy; phenolic; ripe,5610,5610
C=CCCCCCCCCC(=O)O,fatty; oily; waxy,5634,5634
C1[C@H](CN[C@@H]1C(=O)O)O,odorless,5810,5810
C(CC(=O)N)[C@@H](C(=O)O)N,odorless,5961,5961
C=CCN=C=S,pungent,5971,5971
C([C@H]([C@H]([C@@H](C(=O)CO)O)O)O)O,sweet,5984,5984
C([C@@H]1[C@H]([C@@H]([C@H]([C@H](O1)O[C@]2([C@H]([C@@H]([C@H](O2)CO)O)O)CO)O)O)O)O,sweet,5988,5988
CCCC(=O)OCC(COC(=O)CCC)OC(=O)CCC,buttery; creamy; fruity; sweet,6050,6050
C1=CC=C(C=C1)CCO,floral; rose,6054,6054
CSCC[C@@H](C(=O)O)N,meaty,6137,6137
C1=CC=C(C=C1)C[C@@H](C(=O)O)N,cocoa,6140,6140
CCCCCC=O,fatty; fruity; grassy; green,6184,6184
C(C(C(=O)O)S)C(=O)O,sulfurous,6268,6268
CCCCCO,alcoholic; solvent,6276,6276
CC[C@H](C)[C@@H](C(=O)O)N,odorless,6306,6306
CN,cheesy; fishy; ripe,6329,6329
CCN,cheesy; fishy; ripe,6341,6341
CCS,coffee; garlic; meaty; onion; sulfurous; tropical; vegetable,6343,6343
CC(C)N,cheesy; fishy,6363,6363
CC(C)S,brothy; chicken; meaty; onion; sulfurous,6364,6364
CC(C)(C)O,ethereal; fermented; musty,6386,6386
CC(C)(C)S,meaty; roasted; sulfurous; tropical,6387,6387
CCC(C)(C)O,alcoholic; camphoreous; ethereal; fermented; solvent,6405,6405
CC(C)(C)C(=O)O,cheesy; pungent; sour,6417,6417
CC(C)(C(C)(C)O)O,bread; ethereal; herbal; mint; woody,6425,6425
CC(=O)OC1CC2CCC1(C2(C)C)C,herbal; pine; sweet,6448,6448
C[C@@H]1CC[C@@H]2C13CCC(C(C3)C2(C)C)(C)OC(=O)C,earthy; leathery; woody,6482,6482
CCC(C)(CC)O,camphoreous; earthy; fermented; fruity; green; leafy,6493,6493
CC(C)(OC)OC,ethereal; fresh; solvent,6495,6495
CCOC(=O)C1C(O1)(C)C2=CC=CC=C2,fruity; strawberry; sweet,6501,6501
CCCCOC(=O)CC(CC(=O)OCCCC)(C(=O)OCCCC)OC(=O)C,fruity; sweet; winey,6505,6505
CCOC(=O)CC(CC(=O)OCC)(C(=O)OCC)O,fruity; plum; sweet; winey,6506,6506
CCCCOC(=O)CC(CC(=O)OCCCC)(C(=O)OCCCC)O,odorless,6507,6507
C(CS)C(=O)O,meaty; roasted; sulfurous,6514,6514
CC(C)C(=O)OC(C)(CCC=C(C)C)C=C,floral; fruity; rose,6532,6532
CC1=CC(=O)CC(C1)(C)C,camphoreous; green; honey; mint; sharp; sweet; tobacco,6544,6544
CCC(C)(CCCC(C)C)O,floral; sweet,6548,6548
CC(=CCCC(C)(C=C)O)C,citrus; floral; woody,6549,6549
CC(=C)C=C,gasoline,6557,6557
CC(C)CN,cheesy; fishy; malty; ripe,6558,6558
CC(C)CO,fermented; sweet,6560,6560
CC(C)C=O,banana; cheesy; chocolate; fruity; green,6561,6561
CCC(C)O,alcoholic; fermented; oily; solvent; winey,6568,6568
CCC(=O)C,camphoreous; fruity; ketonic; solvent; sweet,6569,6569
CC(=O)C=C,ethereal; gasoline; pungent; sharp; sweet,6570,6570
CC(=O)OC,ethereal; fruity; sweet,6584,6584
CC(C)C(=O)O,cheesy; fruity; sour,6590,6590
CC1(C2CCC(C2)C1=C)C,camphoreous; oily; sweet,6616,6616
CC1CCC(CC1)C(C)(C)OC(=O)C,citrus; fresh; fruity; herbal; pine; woody,6631,6631
CC1(CCC(CC1)C(C)(C)O)O,balsamic; camphoreous; pine,6651,6651
CC1=CCC2CC1C2(C)C,pine,6654,6654
CC(=C)C(=O)OC,apple; fruity; grape; sharp,6658,6658
CC1=CNC2=CC=CC=C12,animal; floral; fruity,6736,6736
CC1=C(C=C(C(=C1[N+](=O)[O-])OC)C(C)(C)C)[N+](=O)[O-],floral; musk; sweet,6753,6753
CNC1=CC=CC=C1C(=O)OC,floral; musty; orange; sweet,6826,6826
CC(C)COC(=O)C1=CC=CC=C1O,floral; herbal; sweet,6873,6873
CC(C)CCOC(=O)C1=CC=CC=C1O,balsamic; floral; green; herbal; sweet,6874,6874
CCOC(=O)C1=CC=CC=C1N,fruity; grape; green; sweet,6877,6877
C1C2=CC=CC=C2C(=O)O1,almond; coumarinic; hay; sweet,6885,6885
CCC(CC)C(=O)O,dairy; earthy; fruity; nutty,6915,6915
C1=COC(=C1)C(=O)O,odorless,6919,6919
CC1=CC(=C(C=C1)C(C)(C)C)O,burnt; dry; leathery; smoky; woody,6937,6937
CC(C)C1=CC=CC=C1O,medicinal; phenolic; smoky; spicy,6943,6943
CC1CCC(=C(C)C)CC2=C1CCC2C,balsamic; sweet; woody,6949,6949
CC1CCC(C(C1)OC(=O)C2=CC=CC=C2O)C(C)C,odorless,6970,6970
CC1=CC(=C(C=C1)C(=O)C)C,coumarinic; floral; hay; mint; sharp; sweet; woody,6985,6985
CC1=CC(=O)C(CC1)C(C)C,fresh; herbal; mint,6987,6987
CC1=CC(=C(C=C1)C(C)C)O,herbal; medicinal; phenolic; spicy; sweet,6989,6989
CCC1=CC=CC=C1O,phenolic; sweet,6997,6997
C1=CC=C(C(=C1)C=O)O,almond; phenolic; pungent; spicy,6998,6998
CC1=CC=CC2=CC=CC=C12,earthy; green; medicinal; musty,7002,7002
C1=CC=C(C=C1)C2=CC=CC=C2O,medicinal; phenolic; spicy,7017,7017
COC1=C(C(=CC=C1)OC)O,medicinal; phenolic; smoky; woody,7041,7041
COC1=CC=CC=C1OC,creamy; earthy; musty; nutty; phenolic; sweet; vanilla,7043,7043
C1=CC=C2C(=C1)N=CC=N2,burnt,7045,7045
C1=CC=C2C(=C1)C=CC=N2,animal; musty; sweet; tobacco,7047,7047
CC1=CC2=CC=CC=C2C=C1,aromatic; oily,7055,7055
C1=CC=C2C=C(C=CC2=C1)S,meaty; mushroom; sulfurous,7058,7058
CC1=CC2=C(C=C1)N=CC=C2,animal; floral; sweet; tobacco; woody,7059,7059
CC1=NC2=CC=CC=C2C=C1,fishy; herbal; oily; tobacco,7060,7060
CC1=CC2=C(C=C1)OC(=O)C=C2,coconut; coumarinic,7092,7092
C1=CC=C(C=C1)C2=CC=CC=C2,metallic; rose,7095,7095
COC1=C(C=C(C=C1)CO)OC,aromatic; vanilla,7118,7118
COC1=CC2=CC=CC=C2C=C1,floral; orange; sweet,7119,7119
CC(=O)C1=CC2=CC=CC=C2C=C1,orange; sweet,7122,7122
COC1=C(C=C(C=C1)CC=C)OC,herbal; musty; spicy; tea,7127,7127
CCOC1=CC2=CC=CC=C2C=C1,floral,7129,7129
CC(C)CC1=NC2=CC=CC=C2C=C1,earthy; leathery,7130,7130
CC(=O)OC1=C(C=C(C=C1)CC=C)OC,balsamic; fruity; spicy; sweet,7136,7136
CC1=CC(=C(C=C1)O)OC,phenolic; smoky; spicy; sweet; vanilla,7144,7144
CC(C=O)C1=CC=CC=C1,floral; green; honey,7146,7146
CCC(C1=CC=CC=C1)O,balsamic; floral; rose,7147,7147
CCC(=O)C1=CC=CC=C1,cherry; floral; fruity; hay,7148,7148
COC(=O)C1=CC=CC=C1,floral; fruity; sweet,7150,7150
COC(=O)C1=CN=CC=C1,herbal; sweet; tobacco,7151,7151
CCOC(=O)C1=CC=CC=C1,floral; fruity,7165,7165
CC(=O)CC(=O)C1=CC=CC=C1,balsamic; sweet; vanilla,7166,7166
C1=CC=C(C=C1)C(=O)OC2=CC=CC=C2,balsamic; floral; fruity; green; metallic,7169,7169
CCOC(=O)CC(=O)C1=CC=CC=C1,brandy; cherry; fruity,7170,7170
CCCOC(=O)C1=CC=C(C=C1)O,odorless,7175,7175
CCCCOC(=O)C1=CC=C(C=C1)O,odorless,7184,7184
CC(C)CCOC(=O)C1=CC=CC=C1,balsamic; fruity; green; sweet; waxy,7193,7193
C1=CC=C(C=C1)CCOC(=O)C2=CC=CC=C2,balsamic; floral; honey; rose,7194,7194
C1=CC=C2C(=C1)C=CS2,burnt; earthy; gasoline; sulfurous,7221,7221
C1=CC=C2C(=C1)N=CS2,beefy; burnt; coffee; sulfurous; vegetable,7222,7222
CC1=CC2=CC=CC=C2N1,animal,7224,7224
CC1=NC2=CC=CC=C2O1,burnt; floral; pungent; sweet; tobacco; vanilla,7225,7225
CC1=C(C=C(C=C1)O)C,dry,7249,7249
CC1=CC(=C(C=C1)C)O,phenolic; smoky,7267,7267
CCOC(=O)C(=O)OCC,fermented; fruity; herbal; musk; winey,7268,7268
CCC(C)C=O,cocoa; fermented; fruity; green; malty,7284,7284
CCC(=O)CC,caramellic; cheesy; ethereal; fruity,7288,7288
COC(=O)C=C,chamomile; pungent,7294,7294
C1CCC(C1)O,alcoholic; ethereal; fermented; solvent,7298,7298
CC1CCCO1,mint; solvent; sweet,7301,7301
C1CC(=O)OC1,buttery; caramellic; nutty,7302,7302
CN1C=CC=C1,animal; herbal; smoky; sweet; woody,7304,7304
CC1=CCC(CC1OC(=O)C)C(=C)C,fruity; green; herbal; sour; sweet,7335,7335
CCC(=O)OC1CC(CC=C1C)C(=C)C,fruity; mint; sweet; warm,7336,7336
CCCC(C)C(=O)O,cheesy; creamy; dairy; pungent; sour,7341,7341
CCOC(=O)C(C)C,apple; ethereal; fruity; rum; sweet,7342,7342
CCOC(=O)C(=C)C,apple; chamomile; pungent,7343,7343
CCOC(=O)C(C)O,buttery; ethereal; rum,7344,7344
CC(C)COC(=O)C(C)C,banana; fruity; pineapple; sweet; tropical; winey,7351,7351
CC(C)COC(=O)C(=C)C,chamomile; pungent,7352,7352
CCCCOC(=O)C(C)C,fruity,7353,7353
CCCCOC(=O)C(=C)C,ethereal; fruity; herbal; sweet,7354,7354
CCC(CC)CO,alcoholic; fermented; solvent,7358,7358
CCC(CC)C=O,caramellic; cocoa; fresh; fruity; green; pungent,7359,7359
C1CC(OC1)CO,caramellic; fruity; oily; solvent,7360,7360
C1=COC(=C1)C=O,almond; bread; caramellic; spicy; sweet,7362,7362
C1=COC(=C1)CS,alliaceous; burnt; caramellic; coffee,7363,7363
C1=CSC(=C1)C=O,coconut; nutty,7364,7364
CC(C)(C)C1CCC(CC1)O,camphoreous; dry; leathery; woody,7391,7391
CC(C)(C)C1CCC(=O)CC1,camphoreous; dry; mint,7392,7392
CC(C)(C)C1=CC=C(C=C1)O,leathery; phenolic,7393,7393
CC(=C)C1=CC=CC=C1,herbal,7407,7407
CC(C1=CC=CC=C1)O,earthy; floral; green; rose,7409,7409
CC(=O)C1=CC=CC=C1,cherry; pungent; sweet,7410,7410
C1CCC(CC1)C(=O)O,cheesy; fruity,7413,7413
CC1=CCC(CC1O)C(=C)C,sweet,7438,7438
CC1=CC=C(C=C1)C(=O)OC,anisic; floral; fruity; sweet,7455,7455
CC1=CCC(C=C1)C(C)C,citrus; fresh; mint; spicy; woody,7460,7460
CC1=CCC(=CC1)C(C)C,citrus; fresh; herbal,7461,7461
CC1=CC=C(CC1)C(C)C,citrus; fresh; lemon,7462,7462
CC1=CC=C(C=C1)C(C)C,citrus,7463,7463
CC(C)C1=CC=C(C=C1)O,medicinal; phenolic,7465,7465
CC(=O)C1=CC=C(C=C1)O,balsamic; floral; fruity; hay; herbal; woody,7469,7469
CC(=O)C1=CC=C(C=C1)OC,floral; hay; sweet,7476,7476
COC1=CC=C(C=C1)C(=O)O,cherry; spicy; sweet,7478,7478
C=CC1=CC=CC=C1,balsamic; gasoline; pungent,7501,7501
C1=CC=C(C=C1)C#N,almond; cherry,7505,7505
C1=CC=C(C=C1)CS,garlic; onion,7509,7509
COC1=CC=CC=C1,anisic; sweet,7519,7519
CSC1=CC=CC=C1,coffee; meaty; roasted; sulfurous; woody,7520,7520
CCC1=CC=CC=N1,fishy; grassy; green; smoky,7523,7523
CC1(OCC(O1)CO)C,fruity; solvent,7528,7528
CC1=CC(=CC=C1)OC,dry; floral; nutty; pungent,7530,7530
CC(C)(CC1=CC=CC=C1)O,floral; fresh; herbal; rose,7531,7531
COC(=O)CC1=CC=CC=C1,floral; honey; sweet,7559,7559
C1COC(O1)CC2=CC=CC=C2,green; sweet; waxy,7562,7562
C1=CC=C(C=C1)CC2=CC=CC=C2,leafy; metallic; rose,7580,7580
C1=CC=C(C=C1)OC2=CC=CC=C2,floral; green; metallic,7583,7583
CCOC(=O)CC1=CC=CC=C1,honey; sweet,7590,7590
C1=CC=C(C=C1)CC(=O)CC2=CC=CC=C2,almond; floral; fruity; honey; sweet,7593,7593
COC1=CC=C(C=C1)COC(=O)CC2=CC=CC=C2,balsamic; honey; rose,7599,7599
CC(C)CCOC(=O)CC1=CC=CC=C1,balsamic; cocoa; floral; fruity; honey; sweet,7600,7600
C1=CC=C(C=C1)CCOC(=O)CC2=CC=CC=C2,balsamic; floral; honey; rose,7601,7601
CCCN(CCC)CCC,cheesy; fishy; ripe,7616,7616
CCCCN(CCCC)CCCC,animal; cheesy; fishy; ripe,7622,7622
CC(C)(CCC1=CC=CC=C1)O,floral; green; herbal; sweet,7632,7632
CC(=O)OC(C)(C)CCC1=CC=CC=C1,balsamic; floral; fresh; fruity; green,7633,7633
CCCCC(CC)COC(=O)C,fruity; herbal; sweet,7635,7635
COC(=O)CCC1=CC=CC=C1,cinnamon; floral; fruity; spicy; sweet,7643,7643
CC(C)C(=O)OCC1=CC=CC=C1,floral; fruity,7646,7646
CCCC(=O)OCC1=CC=CC=C1,apricot; floral; fruity; plum,7650,7650
CC(C)CC(=O)OCC1=CC=CC=C1,apple; cheesy; fruity; herbal; tobacco,7651,7651
CC(=O)OCCC1=CC=CC=C1,fruity; honey; rose; sweet,7654,7654
CC(C)C(=O)OCCC1=CC=CC=C1,floral; fruity; honey; rose,7655,7655
C1=CC=C(C=C1)COCC2=CC=CC=C2,almond; earthy; mushroom; rose; sweet,7657,7657
CCCC(=O)OCCC1=CC=CC=C1,floral; fruity; green; musty; rose,7658,7658
CC(C)C(=O)OCCCC1=CC=CC=C1,balsamic; fruity; spicy; sweet,7662,7662
CCOC1=CC=CC=C1,anisic; sweet,7674,7674
CC(=O)CC1=CC=CC=C1,fruity; green; sharp,7678,7678
CC1=CC=C(C=C1)OC(=O)C(C)C,animal; fruity; warm,7685,7685
CC(C)C1=CC=C(C=C1)C(C)CC=O,floral; green; vegetable,7687,7687
CC(=O)OCC1=CC=C(C=C1)OC,balsamic; cherry; coumarinic; floral; fruity; vanilla,7695,7695
CCCC1=CC=C(C=C1)OC,anisic; herbal; sweet,7702,7702
CCCCC1CCC(=O)O1,coconut; coumarinic; sweet,7704,7704
C1=CC=C(C=C1)CCC=O,balsamic; floral; green,7707,7707
C1=CC=C(C=C1)COC=O,cherry; fresh; fruity,7708,7708
C1=CC=C(C=C1)CCOC=O,green; herbal; rose,7711,7711
CCCCC(CC)CO,fermented; oily; rose; sweet,7720,7720
CC1=CC=C(C=C1)C=O,almond; cherry; sweet,7725,7725
CCC1=CN=C(C=C1)C,earthy; fatty; green; nutty; potato,7728,7728
CC1=CC=C(C=C1)OC,floral; green; leathery; nutty; phenolic; sharp; sweet,7731,7731
CC(C)COC(=O)CCC1=CC=CO1,brandy; fruity; pineapple; rum; winey,7733,7733
COC1=CC=C(C=C1)CO,anisic; balsamic; coumarinic; creamy; floral; fruity; sweet; vanilla,7738,7738
CCCC1CCC(=O)O1,coconut; coumarinic; hay,7742,7742
CCCC(C)CO,alcoholic; ethereal; fermented; solvent; sweet,7745,7745
CCC(=O)OCC,ethereal; fruity; rum,7749,7749
CCC(C)CC(=O)O,cheesy,7755,7755
CC(=O)CC(=O)OC,apple; brandy; fruity; green; winey,7757,7757
CCC(C)OC(=O)C,banana; ethereal; fruity; pear; sweet,7758,7758
CCOC(=O)CC(=O)OCC,apple; fruity; green; sweet,7761,7761
CCCC(=O)OCC,banana; buttery; ethereal; fruity; pineapple; ripe,7762,7762
CCOC(C)OCC,alcoholic; fruity; green,7765,7765
CCOC(=O)OCC,ethereal; fresh,7766,7766
C1CCC(=O)NCC1,animal; fishy; spicy,7768,7768
CCCC(=O)OCCC,fruity; sweet,7770,7770
CC1=CC(=C(C=C1)O)C,burnt; phenolic; sharp,7771,7771
CCC(=O)OCCC(C)C,apricot; banana; fruity; pineapple; plum; sweet; tropical,7772,7772
CCCCCC(=O)OCC(C)C,fruity; pineapple; winey,7775,7775
CC(CCC=C(C)C)CCOC=O,fruity; green; leafy; rose,7778,7778
CCC(=O)OCCC(C)CCCC(=C)C,floral; rose; sweet,7781,7781
CCCOC(=O)CCCCC(=O)OCCC,odorless; solvent,7790,7790
CC(C)CCCC(C)CCO,rose; sweet; waxy,7792,7792
C[C@@H](CCC=C(C)C)CCO,citrus; floral; fruity; green; rose; sweet,7793,7793
CCCC(=O)OCCC(C)C,fruity,7795,7795
CCCCCCC(=O)OCC,cognac; fruity; winey,7797,7797
CCCCCCCC(=O)OCC,fruity; sweet; winey,7799,7799
CCCCCCCCCCCC(=O)OCC,fatty; floral; fruity; oily; waxy,7800,7800
CCCCC(=O)CC,banana; fatty; fruity; green,7802,7802
CCCOC(=O)CC,ethereal; fruity; rum,7803,7803
COC(=O)CCC(=O)OC,ethereal; fruity; green; winey,7820,7820
CCC(C)CC(=O)CC,fruity; herbal; ketonic,7822,7822
CCCCCC(=O)OC,apple; ethereal; fruity; pineapple,7824,7824
CCCCCCC(=O)OC,apple; berry; fruity; green; orris; waxy,7826,7826
COC(=O)CCCCCCCCC(=O)OC,ethereal; fruity,7829,7829
C=CC=O,alliaceous; herbal; pungent; sharp,7847,7847
CCCS,cabbage; meaty; onion; sulfurous,7848,7848
CCCN,cheesy; fishy,7852,7852
C=CCO,pungent; sharp,7858,7858
C(=O)C=O,burnt; caramellic,7860,7860
COC=O,ethereal; fresh; rum; warm; winey,7865,7865
CC(CCCC(C)(C)O)CC=O,floral; sweet,7888,7888
CC(C)CCN,cheesy,7894,7894
CCCC(=O)C,banana; dairy; ethereal; fruity; ketonic; rum,7895,7895
CC(COC)O,ethereal; sweet,7900,7900
CC(C)CC(=O)C,ethereal; fruity; green; sweet,7909,7909
CC(C)CC(C)O,alcoholic; fermented; green; oily; solvent; winey,7910,7910
CC(C)OC(=O)C,ethereal; fruity; sharp,7915,7915
CC(=C)OC(=O)C,cognac; ethereal; fruity; rum,7916,7916
CC1CCC(=O)O1,coumarinic; hay; sweet,7921,7921
CC1=CC(=NC=C1)C,animal; fishy; green; mint; phenolic; smoky,7936,7936
CC1=NC(=CC=C1)C,cocoa; coffee; green; herbal; musty; nutty,7937,7937
CC1=CN=CC(=N1)C,chocolate; potato; roasted,7938,7938
COC(=O)CC(=O)OC,apple; ethereal; fruity; green,7943,7943
CCOC(=O)CC(C)C,apple; banana; buttery; fruity; winey,7945,7945
CC1=CC(=CC(=C1)O)C,orris; phenolic; spicy; woody,7948,7948
CC1=CC(=NC(=C1)C)C,animal; fishy; green; leathery; musty; tobacco,7953,7953
CC(C)CC(CC(C)C)O,fermented; fruity; green; sweet; winey,7957,7957
CC(C)CC(=O)CC(C)C,fruity; sweet,7958,7958
CC(C)CC(C)OC(=O)C,apple; banana; fresh; fruity,7959,7959
CC1=CC=NC=C1,animal; fishy; green; tobacco,7963,7963
C1CCC(CC1)O,camphoreous; fermented; mint,7966,7966
C1CCC(=O)CC1,camphoreous; ketonic; mint; solvent; sweet,7967,7967
C1=CC=C(C=C1)S,burnt; meaty,7969,7969
CC1=CN=CC=C1,earthy; green; hazelnut; tobacco,7970,7970
CC1CCCCN1,cheesy; fishy; nutty; popcorn; roasted,7974,7974
CC1=CC=CC=N1,fishy; hazelnut; popcorn; rum,7975,7975
CC1=NC=CN=C1,cocoa; fishy; green; musty; nutty; potato,7976,7976
CCCCOC(=O)CC(C)C,apple; banana; ethereal; fruity,7981,7981
CCCCOC(=O)CCC,apple; banana; fruity; pear; pineapple; sweet,7983,7983
C1CCCCCCCC(=O)OCCCCCCC1,animal; musk,7984,7984
CCCCOC(=O)CCCCCCCCC(=O)OCCCC,fruity; odorless,7986,7986
CC(=O)CCC=C,burnt; ethereal; floral; fruity; gasoline; ketonic; pungent,7989,7989
CCCCC(=O)O,cheesy,7991,7991
CCCOC(=O)C,alcoholic; ethereal; fruity; pear; solvent,7997,7997
CCCCN,cheesy; fishy,8007,8007
CCCCS,beefy; cheesy; garlic; meaty; onion; roasted; savory; sulfurous,8012,8012
C(CS)CS,garlic; meaty; onion,8013,8013
COCOC,alcoholic; ethereal; fruity; gasoline; rum,8020,8020
CCNCC,cheesy; fishy,8021,8021
CCOC=O,cognac; ethereal; fruity; rum; winey,8025,8025
CCON=O,ethereal; fermented; fruity; rum; sweet,8026,8026
C1=CNC=C1,burnt; sweet; warm,8027,8027
C1=COC=C1,burnt; smoky,8029,8029
C1=CSC=C1,aromatic; pungent; solvent,8030,8030
CC(C)CCC(=O)C,cheesy; fruity; ketonic; mint; sweet,8034,8034
CC(=O)CCC(=O)C,burnt; fresh; herbal,8035,8035
CC(C)COC(=O)C,apple; banana; fruity; pear; pineapple,8038,8038
CCCCCCCCCCCCCC(=O)OC(C)C,fatty; oily,8042,8042
CCCCCCCCCCCCCC(=O)OCCCC,fatty; waxy,8047,8047
CCCCCCCCCC(=O)OCC,cognac; fatty; nutty; sweet; winey,8048,8048
CCOC(=O)CCCCCCCCC(=O)OCC,fruity; melon; winey,8049,8049
CCCCCCCCCC(=O)OC,cognac; fatty; fruity; oily; winey,8050,8050
CCCCCC(=O)C,cheesy; cinnamon; coconut; fruity,8051,8051
CC(C)CCOC=O,apple; black currant; fruity; green; plum; sweet; winey,8052,8052
CCCCCN,cheesy; fermented; fishy; fresh,8060,8060
CCCCC=O,chocolate; nutty; pungent,8063,8063
CCCCCS,cabbage; green; sulfurous; tropical; vegetable,8067,8067
COCCOC,ethereal; solvent; sweet,8071,8071
CCCOC=O,ethereal; rum,8073,8073
CCSCCO,garlic; meaty; onion; savory; sulfurous; tropical,8075,8075
CCSSCC,alliaceous; fruity; garlic; onion; sulfurous; tropical; vegetable,8077,8077
C1CCCCC1,gasoline; sweet,8078,8078
C1CCNCC1,animal; fishy; floral,8082,8082
CCCCCCCCCCCCCCCC(=O)OCCCC,fatty; waxy,8090,8090
CCCCCCCC(=O)OC,fruity; orange; winey,8091,8091
CCCCCC#CC(=O)OC,cucumber; green; leafy; vegetable; violet; winey,8092,8092
CCCCCCC(=O)C,apple; cheesy; fatty; fruity; green,8093,8093
CCCCCCC(=O)O,fatty; sour,8094,8094
CCOCCOC(=O)C,fruity; solvent; sweet,8095,8095
CCCCCCN,cheesy; fishy,8102,8102
CCCCCCO,fatty; fruity; winey,8103,8103
CCCCCCS,burnt; coffee; fatty; meaty; roasted; savory; sulfurous,8106,8106
C=CCOCCO,solvent,8116,8116
CCCSCCC,alliaceous; garlic; green; onion; sulfurous,8118,8118
CC(=O)OCCOC(=O)C,oily; sweet; winey,8121,8121
CCCCCCCCCCCCCCCCCC(=O)OCC,odorless; waxy,8122,8122
CCCCCCC=C,gasoline,8125,8125
CCCCCCCO,fatty; fresh; green,8129,8129
CCCCCCC=O,citrus; cognac; fatty; green; nutty; sweet,8130,8130
CCCCOCCO,alcoholic; ethereal; fruity; oily,8133,8133
CCCCCCC#CC(=O)OC,green; leafy; violet,8137,8137
COC(=O)CCCCCCCCC=C,dairy; fatty; fruity; waxy; winey,8138,8138
CCCCCCCCC,gasoline,8141,8141
CCCCCCCCS,meaty; roasted; sulfurous; vegetable,8144,8144
CCCCCCCCC(=O)O,cheesy; dairy; fatty; nutty,8158,8158
CCCCCCCOC(=O)C,fatty; floral; fruity,8159,8159
CCCCOCCOC(=O)C,ethereal; fruity; pungent; radish; sweet; warm,8160,8160
CCCCCCCCCC(=O)C,fatty; fruity; orange; rose,8163,8163
CCCCCCCCOC(=O)C,citrus; floral; fruity; green; jasmine; orange; peach,8164,8164
CCCCCCCCCCOC(=O)C,fatty; fruity; orange; pineapple; rose,8167,8167
CCCCCCCOC=O,apple; fatty; fruity; plum; sharp,8169,8169
CCCCCCCCCCO,fatty; floral; oily; sweet; waxy,8174,8174
CCCCCCCCCC=O,orange; sweet; waxy,8175,8175
CCCCCCCCOC=O,citrus; fruity; green; orange; orris; rose,8176,8176
CCCCCCCCCCC(=O)O,fatty,8180,8180
CCCCCCCCCCCCCCCC(=O)OC,sweet; waxy,8181,8181
CCCCCCCCCCCC,gasoline; sweet,8182,8182
CCCCCCCCCCC=C,gasoline; sweet,8183,8183
CCCCCCCCCCCO,citrus; floral; fruity; oily,8184,8184
C=CCCCCCCCCCO,citrus; fatty; floral; green; rose; waxy,8185,8185
CCCCCCCCCCC=O,citrus; fatty; floral; sweet; waxy,8186,8186
C=CCCCCCCCCC=O,citrus; fatty; rose; waxy,8187,8187
CCCCCSSCCCCC,alliaceous; green; meaty; savory; sulfurous; vegetable,8191,8191
CCCCCCCCCCCCO,citrus; fatty; floral; oily; waxy,8193,8193
CCCCCCCCCCCC=O,floral; sweet; waxy,8194,8194
CCCCCCCCCCCCS,fatty; meaty; sulfurous,8195,8195
CCCCCCCCCCCCCCCCCC(=O)OC,odorless,8201,8201
CCCCCCCCCCCCOC(=O)C,citrus; fresh; fruity; rose; waxy,8205,8205
CCCCCCCCCCCCCO,fruity; sweet; waxy; woody,8207,8207
CCCCCCCCCCCCCCO,fatty; oily,8209,8209
CCCCCCCCCCCCCCCCCCO,fatty; oily,8221,8221
CCCCCCCCCCCCCCCCCCCC,waxy,8222,8222
CC(C)(C=C)O,earthy; ethereal; fruity; herbal; oily,8257,8257
CC(=CCCC(C)(C=C)OC(=O)C)C,citrus; floral; fruity; pear; sweet,8294,8294
CC1CC(CC(C1)(C)C)O,camphoreous; herbal; mint,8298,8298
CC(=O)CO,caramellic; green; sweet; winey,8299,8299
CCC(C)C(=O)O,cheesy; fruity; pungent,8314,8314
CC1CC(C=C(C2C1CC(=C(C)C)C2)C)OC(=O)C,dry; fresh; herbal; sweet; woody,8347,8347
C1=CC=C(C=C1)OC(=O)C2=CC=CC=C2O,balsamic; floral; fruity; honey; woody,8361,8361
CC1CC(CC(C1)(C)C)OC(=O)C2=CC=CC=C2O,medicinal; odorless,8362,8362
C1=CC=C(C=C1)COC(=O)C2=CC=CC=C2O,balsamic; sweet,8363,8363
CCCCC(CC)COC(=O)C1=CC=CC=C1O,floral; fruity; spicy,8364,8364
CCOC(=O)C1=CC=CC=C1O,floral; fruity; sweet,8365,8365
CC1=C(C(=O)C=CO1)O,berry; caramellic; fruity; strawberry; sweet,8369,8369
CC(=O)C1=CC=CC=C1O,almond; cherry; cinnamon; coumarinic; hay,8375,8375
C1=CC=C(C=C1)C(C(=O)C2=CC=CC=C2)O,camphoreous; spicy; sweet,8400,8400
C1=CC=C2C=NC=CC2=C1,almond; anisic; balsamic; herbal; sweet,8405,8405
COC1=C(C=C(C=C1)C=O)OC,sweet; vanilla; woody,8419,8419
CCC(=O)OC(C)C1=CC=CC=C1,floral; fruity; green; sweet,8432,8432
C1OC2=C(O1)C=C(C=C2)C=O,cherry; floral; sweet,8438,8438
CC1=NC2=CC=CC=C2S1,meaty; nutty; sulfurous; vegetable,8446,8446
C1CCC(=O)C1,ketonic; musty; nutty; woody,8452,8452
CN1CCCC1,cheesy; fishy; ripe,8454,8454
CCOC1=C(C=CC(=C1)C=O)O,sweet; vanilla,8467,8467
COC1=C(C=CC(=C1)C(=O)O)O,odorless,8468,8468
CCOC(=O)C1C(O1)C2=CC=CC=C2,berry; caramellic; fruity; strawberry; sweet,8469,8469
CCN(CC)CC,cheesy; fishy; ripe,8471,8471
COC1=CC=C(C=C1)C(=O)OC,anisic; sweet; vanilla,8499,8499
CC1=CC=C(C=C1)C(=O)C,floral; fruity; hay; sweet,8500,8500
COC(=O)C1=CC=CC=C1N,grape; musty,8635,8635
COC1=CC(=CC(=C1O)OC)C=O,balsamic; floral; smoky; sweet; vanilla,8655,8655
COC1=CC=CC=C1C=O,almond; cinnamon; spicy; sweet,8658,8658
CCCCC(CC)C(=O)O,cheesy; fatty; fruity; herbal; musty; sour,8697,8697
CCCCOC(=O)C1=CC=CC=C1,balsamic; fruity; spicy; woody,8698,8698
CC1=CC=CC=C1S,brothy; burnt; meaty; phenolic; roasted; smoky,8712,8712
CCC(C)CO,alcoholic; ethereal; fermented; solvent; winey,8723,8723
CCCCOC(=O)C(C)O,buttery; caramellic; sweet,8738,8738
CC(=C)C1CCC(CC1)(C)O,herbal; sour; sweet; woody,8748,8748
CCC(=O)OCC(COC(=O)CC)OC(=O)CC,fruity; sour,8763,8763
CC(CCC=C(C)C)CCOC(=O)CC1=CC=CC=C1,honey; rose; sweet; waxy,8767,8767
C1=CC(=C(C=C1C=O)O)O,burnt; medicinal,8768,8768
CC(=O)OCC1=CC=CC=C1,floral; fruity; jasmine; sweet,8785,8785
CCCCCCCCCCCC(=O)OCC1=CC=CC=C1,fatty,8791,8791
CC(C)CC(=O)OCCC1=CC=CC=C1,balsamic; fruity; rose,8792,8792
CC1=CC=C(C=C1)OC(=O)C,animal; floral,8797,8797
COC1=CC=C(C=C1)CC=C,anisic; herbal; sweet,8815,8815
CCOC(=O)C=C,rum; sharp,8821,8821
CCCCOC(=O)CCC(=O)OCCCC,fermented; fruity; winey,8830,8830
CC(C)COC(=O)CCCCC(=O)OCC(C)C,odorless,8831,8831
CC(CCCC(=C)C)CCOC(=O)C,fresh; fruity; rose,8833,8833
CCC(=O)OCCC(C)CCC=C(C)C,fruity; rose; sweet,8834,8834
CCCC(=O)OCCC(C)CCC=C(C)C,apple; fruity; leafy; plum; rose; sweet,8835,8835
CCOC(=O)CCCCC(=O)OCC,fruity; oily; winey,8844,8844
CCOC(=O)C,brandy; ethereal; sharp; winey,8857,8857
CC(=CC(=O)C)C,bread; honey; mint; musty,8858,8858
CC(CCCC(C)(C)O)CC(OC)OC,floral; fresh; green; melon,8863,8863
CCOC(=O)CC(=O)C,apple; ethereal; fruity; green; rum,8868,8868
C1=CC(=O)NC=C1,animal; burnt; nutty; smoky,8871,8871
CCCCCCC(=O)OCC=C,apple; banana; fruity; pineapple; sweet,8878,8878
CCCCCC(=O)O,cheesy; fatty,8892,8892
CCCCCCCCCCCCCCCC(=O)OC(C)C,odorless,8907,8907
CCCCCCOC(=O)C,apple; fruity; pear; sweet,8908,8908
CCCCOCCCC,ethereal; fruity; sweet,8909,8909
CCCCCCCCCO,fatty; floral; orange; rose,8914,8914
CCCCCCCCCOC(=O)C,floral; fruity; green; leafy; mushroom,8918,8918
COC1=CC=CC(=C1O)C=O,medicinal; pungent; sweet; vanilla,8991,8991
COC1=CC=CC(=C1)O,medicinal; phenolic; sweet,9007,9007
C1=CC=C(C=C1)CSSCC2=CC=CC=C2,burnt; caramellic; earthy; green; sulfurous,9012,9012
COC1=CC=C(C=C1)O,anisic; aromatic; sweet,9015,9015
COC1=CC=C(C=C1)OC,earthy; nutty; phenolic; sweet; tobacco,9016,9016
CC(CCC=C(C)C)CCOC(=O)C,fresh; fruity; rose,9017,9017
CC(=O)OC(C)(C)CC1=CC=CC=C1,floral; fresh; fruity; jasmine; rose,9024,9024
COC1=CC(=CC=C1)OC,earthy; nutty; sweet,9025,9025
CCC(C)CCC(C)(CC)O,floral; sweet,9027,9027
C1=CSC=N1,meaty; nutty,9256,9256
C1SCSS1,beefy; garlic; meaty; mushroom; roasted; sulfurous,9258,9258
C1=CN=CC=N1,musty; nutty; roasted,9261,9261
CC(=O)OCC1=CC2=C(C=C1)OCO2,cherry; floral; sweet,9473,9473
CC(=O)C1=CN=CC=C1,burnt; nutty; roasted; tobacco,9589,9589
CCSCC,garlic; meaty; savory; sulfurous; tomato,9609,9609
CC(=CCCC(=O)C)C,green; herbal; oily,9862,9862
C1CS1,meaty; sulfurous; vegetable,9865,9865
CC1=C(C(CCC1)(C)C)C=O,floral; fruity; grassy; green; hay; mint; sweet,9895,9895
CCOCOCC,ethereal; sweet,10024,10024
CC(C(C)(C)C)O,camphoreous; fermented,10045,10045
CC(C)C12CCC(O1)(CC2)C,camphoreous; fresh; pine,10106,10106
CC1=CC2C(CCC(=C2CC1)C)C(C)C,burnt; dry; woody,10223,10223
COC1=CC(=CC(=C1OC)OC)CC=C,floral; spicy; sweet; woody,10248,10248
CC1=CC(C(CC1)C(C)C)O,mint; musty; sour,10282,10282
CC1=CC=NC2=CC=CC=C12,animal; burnt; floral; green; musty; oily,10285,10285
CC(C1=CC=CC=C1)C(=O)O,floral; honey; sweet,10296,10296
CCCC(=O)C1=CC=CC=C1,buttery; creamy; floral; fruity; nutty; sweet; vanilla,10315,10315
C1OC2=C(O1)C=C(C=C2)CO,sweet; vanilla,10322,10322
C1COC2=CC=CC=C21,aromatic; gasoline; phenolic; sweet,10329,10329
C1C=CC(=O)O1,burnt; sharp; sweet; winey,10341,10341
CC1CCC(CC1)C(C)(C)O,floral; pine,10353,10353
CC1CCC(CC1=O)C(C)C,mint,10362,10362
CC1=C(C=C(C=C1)C(C)C)O,herbal; medicinal; phenolic; smoky,10364,10364
C1=CC(=CC=C1CCO)O,floral; fruity; rose; sweet,10393,10393
CCCCCCCCCCCCCCC1CCC(=O)O1,fatty; waxy,10396,10396
C1CCCC(=O)CC1,ketonic; mint,10400,10400
CC(CCC=C(C)C)CC(=O)O,fatty; floral; green; waxy,10402,10402
CCCCC(=O)CCCC,floral; green; herbal; spicy,10405,10405
CC(C)CCCC(C)CCCC(C)CCCC(=O)C,floral; fresh; jasmine; sweet,10408,10408
CC(C)CC(=O)O,cheesy; fruity; sour,10430,10430
CSCCCO,meaty; mushroom,10448,10448
C1CSCCS1,garlic; mushroom; onion,10452,10452
CC(C)CCCC(C)CCCC(C)CCCC(C)(C=C)O,leafy; odorless; sweet; tea,10453,10453
CCCC=CC=O,grassy; green,10460,10460
CCCCCCCCCCCCCCCCC(=O)O,odorless,10465,10465
CC(=O)S,fresh; fruity; herbal; meaty; savory; sulfurous; tropical,10484,10484
CC(C)CS,garlic; onion; vegetable,10558,10558
CCC(C)S,beefy; chicken; meaty; onion; sulfurous,10560,10560
CC1(C2CC=C(C1C2)CO)C,herbal; woody,10582,10582
CC(=C)C1CCC(C(C1)C(=C)C)(C)C=C,woody,10583,10583
COC1=C2C(=C(C(=C1)CC=C)OC)OCO2,phenolic; spicy,10659,10659
CC1=C(C(=CC=C1)O)C,animal; leathery; spicy,10687,10687
CC1=CC(=C(C(=C1)C)O)C,leathery; medicinal; phenolic; smoky; spicy; tobacco,10698,10698
CC1=CC=CC=C1C=O,almond; cherry; sweet,10722,10722
COC1=CC(=CC(=C1O)OC)CO,balsamic; floral,10741,10741
COC1=CC(=CC(=C1O)OC)C(=O)O,balsamic,10742,10742
CC1=CC=CC=C1OC(=O)C,floral; fruity; medicinal,10778,10778
CC(OC)OC,alcoholic; green,10795,10795
CC1=CC=CO1,burnt; gasoline; metallic; musty; nutty; solvent; sweet,10797,10797
CC1=CC=C(C=C1)C(C)O,almond; cherry; floral; hay; mint; nutty,10817,10817
CC(=C)C1CCC(=CC1)CO,citrus; floral,10819,10819
CCC1=CC=NC=C1,earthy; green; herbal; sweet,10822,10822
CCC1=CN=CC=C1,nutty; roasted; smoky; tobacco,10823,10823
COCC1=CC=CC=C1,fruity; metallic; rose,10869,10869
CCOCC1=CC=CC=C1,fruity; sharp,10873,10873
CCCCC1=CN=CC=C1,animal; earthy; fishy; green,10874,10874
CCCCC(=O)OCC,apple; fruity; pineapple; tropical,10882,10882
CCOC(=O)CCC(=O)C,apple; caramellic; fruity; green; sweet; tropical,10883,10883
CCCC(=O)OCC(C)C,banana; fruity; pear; pineapple; rum; sweet,10885,10885
CCCCCC(=O)OCCCCC,apple; fruity; green; pear; pineapple; waxy,10886,10886
CCC(=O)OCC(C)C,ethereal; fruity; rum,10895,10895
C(CS)S,garlic; onion; sulfurous,10902,10902
CC(C)CCS,meaty; sulfurous; vegetable,10925,10925
CC(=CC(=O)O)C,caramellic; herbal; musty; spicy,10931,10931
CC1=CSC(=N1)C,cocoa; meaty,10934,10934
CC1CCCCCCCCCCCCC(=O)C1,musk; sweet,10947,10947
C1CCOC(=O)C1,aromatic; fruity,10953,10953
CC(C)COC=O,ethereal; fruity; rum,10957,10957
CCN=C=S,horseradish; pungent,10966,10966
CC(C)(CCCC(=C)C=C)O,floral; woody,10975,10975
CCCCCC(C)O,green; herbal; lemon,10976,10976
CC(C)CCOCCC(C)C,ethereal; fruity; green; herbal,10989,10989
CCCCSCCCC,floral; garlic; green; horseradish; onion; violet,11002,11002
CCCCCCCCCCCCCC(=O)O,odorless; oily; waxy,11005,11005
CCCCCCCCCCCCCCCC,gasoline; waxy,11006,11006
CC1C2CC(C2(C)C)CC1=O,camphoreous; fresh; herbal; spicy,11038,11038
CC(C)C(=O)OC,apple; apricot; fruity; pineapple; rum,11039,11039
CC(=O)C1=CC=CC=C1N,grape,11086,11086
CCC(=O)OC,ethereal; fruity; rum,11124,11124
CC1=CC=CS1,green; onion; pungent; roasted; sulfurous,11126,11126
CC(C)CC(=O)OC,apple; ethereal; fruity; pineapple,11160,11160
CN=C=S,horseradish; pungent,11167,11167
CC(=CCO)C,fruity; green,11173,11173
CCCOC(=O)CC(C)C,apple; fruity,11176,11176
CCOCC=C,ethereal; sharp,11191,11191
CC1=CCC(CC1)(C(C)C)O,citrus; green; musty; sweet; woody,11230,11230
CC(C)C(=O)C,camphoreous; ethereal; ketonic,11251,11251
CCC(C)C(C)O,alcoholic; ethereal; fruity; green; solvent,11261,11261
CCC(C)C(=O)C,fermented; fruity; ketonic,11262,11262
CCC(=O)C(C)C,ethereal; fruity; ketonic; mint,11265,11265
CC(C)C(=O)C(C)C,cheesy; ethereal; fruity; herbal; ketonic,11271,11271
CC1=C(C(=CC=C1)C)O,phenolic; sharp; smoky; sweet,11335,11335
CC1=CC=CC=C1C(=O)C,almond; aromatic; coumarinic; hay; sweet,11340,11340
CC(=O)C(=O)C1=CC=CC=C1,buttery; creamy; dairy; spicy; sweet,11363,11363
COC1=CC=CC=C1C(=O)O,odorless,11370,11370
C=CCOC(=O)C1=CC=CC=C1,berry; cherry; floral; fruity,11406,11406
CCCCOC(=O)C1=CC=CO1,caramellic; fruity,11409,11409
CC1CCCCC1=O,almond; earthy; ketonic; mint,11419,11419
CC1=C(N=CC=C1)C,roasted,11420,11420
CCC(CC)O,ethereal; fermented; fruity,11428,11428
CCCCCC(=O)C(=O)C,buttery; cheesy; creamy; fatty; sweet,11449,11449
CC(C)(C)C1=CC(=CC=C1)O,leathery; phenolic; spicy,11450,11450
CC1=CCC(=C(C)C)CC1,anisic; citrus; pine; sweet,11463,11463
CC(C)C1=CCC(CC1)(C)O,dry; musty; pine; woody,11468,11468
CC1=CC=C(C=C1)CO,balsamic; green; leafy; rose; sweet,11505,11505
CCCC(C)CC,gasoline,11507,11507
CCC(C)CCO,cognac; fruity; green; winey,11508,11508
CCCC(=O)CC,ethereal; grape; winey,11509,11509
CCC(C)CC(C)C,gasoline,11511,11511
CCCC(CCC)O,alcoholic; fruity; green; pungent,11513,11513
CC(C)CC(=O)OCC(C)C,apple; fruity,11514,11514
CCCCCCCC(=O)OCCCC,floral; fruity; green; oily,11517,11517
CCCCC(CC)O,fermented; fruity; green; herbal; pungent; sweet,11520,11520
CC1CCC(=O)CC1,anisic; mint; musty; solvent,11525,11525
CCCCCC(CC)O,earthy; herbal; mushroom; nutty; oily,11527,11527
CCCCOC(=O)CC,apricot; banana; ethereal; fruity; rum,11529,11529
CCCC(C)(C)O,alcoholic; camphoreous; fermented; mint; solvent,11543,11543
CCCCC(C)(C)C,gasoline,11551,11551
CC(C)CC=O,cheesy; cocoa; fruity; green; pungent,11552,11552
CC1C=CC(=O)O1,coumarinic; herbal; nutty; sweet; tobacco,11558,11558
CC1=CCC(=O)O1,bread; coumarinic; sweet; tobacco,11559,11559
CC1=CC(=CN=C1)C,fatty; green,11565,11565
CC1CCCC(=O)C1,ethereal; fresh; ketonic; mint; solvent,11567,11567
COC1=CC=CC(=C1)C=O,anisic; cinnamon; floral; spicy; sweet,11569,11569
CCCCOC(=O)CC(=O)C,brandy; fermented; fruity; sweet; winey,11576,11576
CC(=O)CCC(=O)O,caramellic,11579,11579
CCCCC(=O)C,cheesy; dairy; fruity; ketonic,11583,11583
CC(=O)OCC=C,anisic; ethereal; fruity; pungent; rum; winey,11584,11584
CC(=O)COC(=O)C,buttery; caramellic; fermented; fruity; sour,11593,11593
CCCCN=C=S,cabbage; green; pungent; radish; vegetable,11613,11613
CCCCOC=O,ethereal; plum; rum,11614,11614
C=CCSCC=C,garlic; horseradish; pungent; sweet,11617,11617
CCCCCCCCCCCC(=O)C,herbal; milky; spicy,11622,11622
CCCCCCCCCCCCCCCCCC,gasoline; waxy,11635,11635
CC(C=C)O,fermented; gasoline; green,11716,11716
CC(C)C(C)O,alcoholic; ethereal; fermented; solvent,11732,11732
CCC(=O)C(=O)C,buttery; fatty; oily,11747,11747
CC(=O)C(=O)OC,caramellic; fruity; spicy; sweet,11748,11748
CC(C)C(C(C)C)O,alcoholic; solvent; sweet,11752,11752
CC(C)OC(=O)C1=CC=CC=C1O,fruity; herbal; sweet,11838,11838
COC(=O)C1=CC=CO1,caramellic; earthy; fruity; winey,11902,11902
CCOC1=CC=CC=C1C=O,anisic; aromatic; spicy; sweet,11950,11950
CC1=CC=C(C=C1)OC(=O)C2=CC=CC=C2,aromatic; floral,11962,11962
CCOC(=O)C1=CC=CO1,burnt; floral; fruity,11980,11980
CCCOC(=O)C1=CC=CO1,burnt; earthy; fruity; sweet,11982,11982
CSC1=NC2=CC=CC=C2S1,burnt; roasted; sulfurous,11989,11989
CCC(C=C)O,alliaceous; grassy; pungent,12020,12020
COC(=O)OC,ethereal,12021,12021
CC1=CSC=C1,fatty; pungent; sulfurous,12024,12024
CCOC(=O)C1=CC(=C(C=C1)O)OC,floral; phenolic; spicy; sweet; vanilla,12038,12038
CCCC(C(C)C)O,camphoreous; floral; green; leafy; musty,12040,12040
CCOC(=O)C(=O)C,caramellic; fruity; sweet,12041,12041
CC(C)C(=O)OC(C)C,fresh; fruity; pear; pineapple,12044,12044
CC(C)(C1=CC=CC=C1)O,fatty; floral; green; herbal; woody,12053,12053
CC(C)C1=CC(=CC=C1)O,animal; leathery; medicinal; phenolic,12059,12059
CC1CCC(CC1O)C(=C)C,floral; sweet; woody,12072,12072
CC1=CC=C(O1)C=O,bread; caramellic; nutty; spicy; sweet,12097,12097
CCC1=CC(=CC=C1)O,phenolic,12101,12101
CC1=CC(=CC=C1)C=O,almond; cherry; sweet,12105,12105
COC1=C(C=C(C=C1)C=O)O,floral; hay; herbal; vanilla,12127,12127
CC(=O)OC1CCCCC1,apple; banana; fruity; solvent; sweet,12146,12146
CCOC1=CC=C(C=C1)O,anisic; herbal; smoky; sweet,12150,12150
CC(=O)OCC1=CC=CO1,banana; ethereal; floral; fruity,12170,12170
CCCC(CC)O,alcoholic; fermented; medicinal; solvent,12178,12178
CCCC(=O)OC,apple; buttery; ethereal; fermented; fruity,12180,12180
CCOC(=O)CS,alliaceous; fruity; green; sulfurous,12185,12185
CC(COC(=O)C)OC(=O)C,fruity,12198,12198
CCOC(=O)CCCCCCCC(=O)OCC,fatty; fruity; oily,12204,12204
CCCCC(=O)OC,apple; ethereal; fruity; green; pineapple,12206,12206
CCC(C)COC(=O)C,apple; banana; ethereal; fruity,12209,12209
CCC(=O)CCC(C)C,camphoreous; fruity; herbal; ketonic,12210,12210
CCCCCCC(CC)O,earthy; herbal; spicy,12216,12216
CCCCCOC(=O)CC,apple; banana; fruity; pineapple; sweet; tropical,12217,12217
CCSC,alliaceous; meaty; savory; sulfurous; tomato,12230,12230
CSSC,cabbage; onion,12232,12232
CCC(C)(C)OC(=O)C,banana; fresh; fruity; mint,12238,12238
CC(C)OC=O,ethereal; fruity; sweet,12257,12257
CC(C)SC(C)C,onion; savory; sulfurous; vegetable,12264,12264
CC1=CC=C(N1)C,animal; burnt; earthy; green,12265,12265
CC1=CC=C(O1)C,cognac; ethereal; rum; solvent,12266,12266
CCCC(C)OC(=O)C,fruity; ripe,12278,12278
CCCCCC(=O)OCCC,green; pineapple; sweet; tropical,12293,12293
CCCCCC(=O)OCCCC,berry; fermented; fruity; green; pineapple; waxy,12294,12294
CC(C)CCCO,fermented; fruity; green; herbal; oily,12296,12296
CCCCC(C)O,alcoholic; fatty; fermented; fruity; mushroom; musty; solvent,12297,12297
CCCCCCCCCCC(=O)OCC,cheesy; coconut; creamy; fruity; waxy,12327,12327
COC(=O)CCCCC(=O)OC,fruity; sweet; winey,12329,12329
CC(C)CCCCO,alcoholic; fermented; oily; solvent,12331,12331
CCCCSC,green; meaty; sulfurous; vegetable,12339,12339
CC(C)CCCC(=O)O,cheesy; fatty; fruity; oily; sour,12344,12344
CCCCCOC(=O)C,banana; ethereal; fruity,12348,12348
CCCCCCCCCCCCCCCC(=O)OCC,sweet; waxy,12366,12366
CCCCCCCC(C)O,dairy; fruity; green; musty; waxy,12367,12367
CCCSSCCC,alliaceous; garlic; green; onion,12377,12377
CCCCSSCCCC,alliaceous; green; sulfurous; vegetable,12386,12386
CCCCCCCCCCCCC,gasoline,12388,12388
CCCCCCCCCCCCCC,gasoline,12389,12389
CCCCCCCCCCCCCCC,gasoline; waxy,12391,12391
CCCCCCCCCCCCCCCCOC(=O)C,sweet; waxy,12393,12393
CCCCCCCCCCCCCCCO,fatty; floral; waxy,12397,12397
CCCCCCCCCCCCCCCCC,gasoline; waxy,12398,12398
COC1=C(C(=CC=C1)OC)OC,leathery; phenolic; smoky; spicy,12462,12462
CCC(=O)OC1=CC=CC=C1,floral; honey; phenolic,12497,12497
CC(=O)OCC1CCCO1,ethereal; fruity; rum,12506,12506
COC1=CC=C(C=C1)C=C,rose,12507,12507
CCC(=O)OC(C)C,ethereal; fruity; plum; rum,12508,12508
CC1=CC=C(S1)C,fresh; green; onion,12514,12514
CCOC(=O)C=C(C)C,apple; chamomile; fruity; pineapple; sweet,12516,12516
CC1NC(SC(S1)C)C,beefy; brothy; chicken; meaty; roasted,12518,12518
CCCCSCC,alliaceous; green; meaty; sulfurous; vegetable,12528,12528
CCCCCOC=O,fresh; fruity; green; sweet; winey,12529,12529
CCCCCCCCCCCCC(=O)O,fatty; waxy,12530,12530
CC1=CC=C(C=C1)C2=CC=CC=C2,grape,12566,12566
CCCC1=CC=CC=C1O,balsamic; medicinal; phenolic; smoky; spicy,12570,12570
CCCOC(=O)C(C)C,fruity; pineapple; tropical,12571,12571
CC(C)C1=CC=C(C=C1)C(=O)C,herbal; orris; woody,12578,12578
CCCC1=CC=C(C=C1)O,medicinal; phenolic,12580,12580
CC(C)CCC(=O)O,cheesy; pungent; sour,12587,12587
CCCCCCCCCCCCCCCCCC(=O)OCC(C)C,odorless,12588,12588
CC(C)CCOC(=O)CC(C)C,apple; apricot; cognac; fruity; green; pineapple; tropical,12613,12613
CCOC(=O)CCCCCCCCC=C,fatty; fruity; green; waxy; winey,12729,12729
CCCCCCCCC(=O)C,floral; orange,12741,12741
CC1=CSC=N1,alliaceous; green; meaty; nutty; vegetable,12748,12748
CCC1CCC(=O)O1,coumarinic; creamy; sweet,12756,12756
CCCC1CCCC(=O)O1,coconut; coumarinic,12777,12777
CSSCC1=CC=CC=C1,cabbage; green; metallic; onion; sulfurous; vegetable,12779,12779
CC(=O)CCC1=CC=CO1,caramellic; fruity; spicy,12780,12780
CCCCCC1CCCC(=O)O1,buttery; creamy; milky; nutty; peach; sweet,12810,12810
CCCCCCC1CCC(=O)O1,coconut; peach,12813,12813
CCCCCCCC1CCCC(=O)O1,buttery; fatty; fruity; peach,12844,12844
CC(=C)CCO,fresh; fruity; green; herbal; sweet,12988,12988
CSCC1=CC=CC=C1,burnt; horseradish; meaty; roasted; savory; sulfurous,13016,13016
CC(=C)C(=O)C,pungent,13143,13143
CCOC(=O)CCCC(=O)OCC,fruity; winey,13163,13163
CCCC(=O)OC(C)CC,apple; apricot; banana; fruity; pear; pineapple; rum; sweet,13174,13174
C=CCCCO,fermented; fruity; green,13181,13181
CCCCCCCC(=O)C,cheesy; coconut; fatty; fruity; herbal,13187,13187
CC1CCCC(=O)O1,buttery; chocolate; coconut; coumarinic; creamy; sweet,13204,13204
CC1(SC(SC(S1)(C)C)(C)C)C,chicken; meaty; sulfurous; tropical,13233,13233
CCC(C)C(=O)OC,apple; berry; fruity; ripe; sweet; tropical,13357,13357
C=CCS,onion; pungent; sweet,13367,13367
CCCCCSCCCCC,alliaceous; green; meaty; sulfurous; vegetable,13382,13382
CCC1=CC=CS1,green,13388,13388
CC1CC(=O)CC(C1)(C)C,herbal; honey; mint; sweet; tobacco,13398,13398
C1=CC=C(C=C1)SSC2=CC=CC=C2,burnt; earthy; garlic; meaty; sulfurous,13436,13436
CC(=CC(=O)OC)C,apple; chamomile; ethereal; fruity; herbal; ripe; sweet,13546,13546
CCCOC(=O)CCC(=O)OCCC,fruity; winey,13549,13549
CCCCCC(=O)CCCCC,cheesy; creamy; dairy; earthy; fatty; mushroom; waxy,13561,13561
CC(C)CCCC(=O)C,herbal; ketonic; mint; spicy,13572,13572
CCCCCCCC(=O)CC,citrus; fatty; floral; fruity; green; orange; waxy,13576,13576
C1CC=CC(=O)C1,green; mint; roasted,13594,13594
CCC1=CC=C(C=C1)C(=O)C,balsamic; floral; herbal; pungent; sweet; warm,13642,13642
CC(C)OC(=O)C1=CC=CC=C1,floral; fruity; sweet,13654,13654
CC(=O)C1=CC=CC2=CC=CC=C21,orange,13663,13663
CC(=O)C1=CC=C(C=C1)C(C)(C)C,balsamic; floral; herbal; sweet,13669,13669
CCCCCCCCCCCCCCC(=O)O,fatty; waxy,13849,13849
C1CC(=O)SC1,burnt; sulfurous,13852,13852
C1=CNC(=C1)C=O,burnt; nutty; pungent; roasted,13854,13854
CC1CCC(O1)C,ethereal; gasoline; mint; solvent; sweet,13855,13855
CCCCC1CCCO1,aromatic; fatty; green; solvent; sweet,13861,13861
CC(=O)C1=CC=CN1,cherry; musty; nutty; tea,14079,14079
CC1=CC(=C(C=C1)C(C)C)OC,herbal; spicy,14104,14104
CCCCCCCC(=O)OCCCCCC,fatty; fruity; green; herbal,14228,14228
CC(C)CC(=O)OC(C=C)C(C)CC=C(C)C,fruity; sweet,14234,14234
CC(=O)OC(C)(C)CCCC(=C)C=C,citrus; fresh; herbal; pear; sweet,14235,14235
CCCCCCCCCCC,gasoline,14257,14257
CC1=C(C(=O)CC1)C,burnt; caramellic; fruity; ketonic; roasted,14270,14270
CC(=O)C1=CC=CC=N1,popcorn,14286,14286
CC(CO)C1=CC=CC=C1,floral; sweet,14295,14295
CC1=C(N=C(C(=N1)C)C)C,chocolate; musty; nutty,14296,14296
CC(=O)C1=CC(=C(C=C1)OC)OC,almond; balsamic; sweet; vanilla,14328,14328
CC1(CC2C1CCC3(C(O3)CCC2=C)C)C,dry; tobacco; woody,14350,14350
CCCCCC(C)C(=O)O,cheesy; fatty; sour,14475,14475
CC(=CCOC(=O)C)C,apple; banana; fruity; green,14489,14489
C(CCCS)CCS,fatty; meaty; mushroom; savory; sulfurous,14491,14491
C(CCCCS)CCCS,earthy; meaty; mushroom; sulfurous,14493,14493
CN1C=CC=C1C=O,burnt; nutty; roasted,14504,14504
CC(=O)C1=CC=CO1,balsamic; caramellic; nutty; sweet,14505,14505
CC1=CC=C(N1)C=O,almond; aromatic; spicy,14508,14508
CC1=CC(=O)CCC1,caramellic; mint; musty; nutty,14511,14511
CC1=CC=C(O1)C(=O)C,caramellic; coumarinic; hay; nutty,14514,14514
CC1=CC(=C(C=C1)OC)O,medicinal; phenolic; smoky; sweet; vanilla,14519,14519
CC1(C2CCC(C2)(C1=O)C)C,camphoreous; pine; sweet,14525,14525
CC1=CC=C(C=C1)C(C)(C)O,cherry; herbal; nutty,14529,14529
COC1=CC2=C(C=C1)N=CC=C2,sweet,14860,14860
CCCCCCCCCCCCCCCCCC(=O)OCC(C)O,odorless,14878,14878
CC1(C2CCC(=C)C1C2)C,dry; pine; woody,14896,14896
CCCCCCCCCCCCCCCCCC(=O)OCC([C@@H]1[C@H]([C@@H](CO1)O)O)O,oily; waxy,14928,14928
C1=CN(C=C1)CC2=CC=CO2,alliaceous; earthy; pungent; smoky; vegetable,15037,15037
CC1=CC(=C(C=C1)O)C(=O)C,aromatic; cherry; coumarinic; honey; phenolic; spicy,15068,15068
CCCCCCCCCCCCCCCCCO,odorless,15076,15076
CC(CC(=O)OC)O,apple; fresh; fruity; grape; green; winey,15146,15146
CCC(C)CCC(=O)O,cheesy; fatty; fruity; sour,15271,15271
C1CCC(CC1)S,garlic; horseradish; meaty; onion; vegetable,15290,15290
CCC(=O)COC(=O)C,buttery; creamy; fruity; grape; nutty; winey,15302,15302
CCCCCC1OCC(O1)C,fruity; green; vegetable; waxy,15336,15336
CSCSC,alliaceous; meaty; mushroom; onion,15380,15380
CCC(=O)C=C,alliaceous; pungent; radish,15394,15394
CCCC(=O)C=C,green; metallic,15395,15395
CC(C)(C)OC,ethereal; fresh; gasoline; winey,15413,15413
CCCCCCCS,fatty; meaty; onion; savory; sulfurous; vegetable,15422,15422
CCCCCCCCCC(C)O,fatty; fruity; oily,15448,15448
C1CCC(C1)S,burnt; garlic; horseradish; meaty; onion; vegetable,15510,15510
CCC(C)(C)S,catty; sulfurous,15511,15511
CC(=O)CC(=O)OC(C)(C)C,brandy; caramellic; fermented; fruity,15538,15538
C1CCCCCC(CCCCC1)O,camphoreous; earthy; woody,15595,15595
CCCCCCCCCC,gasoline,15600,15600
CCCCCCCCCCCOC(=O)C,fatty; oily; rose; waxy,15605,15605
CCCCCCCCC(=O)OC,coconut; fruity; green; nutty; winey,15606,15606
CCCCCCCCCCC(=O)OC,fatty; oily; sweet; waxy; winey,15607,15607
CCCCCCCCCCCCC(=O)OC,fatty; oily; waxy,15608,15608
CC(C)OC(=O)C=C(C)C,chamomile; green; mint; sweet; vegetable,15613,15613
CC(C)C(OC)OC,apple; ethereal; fermented; fresh; fruity; malty,15619,15619
CC1CCCS1,alliaceous; savory; sulfurous,15711,15711
C=CCOC(=O)CC1=CC=CC=C1,fruity; honey; pineapple; sweet,15717,15717
CCC(C)CS,sulfurous,15877,15877
CC(C)CCCC(C)CCCC(C)CCCC(C)C,fishy; oily; waxy,15979,15979
CCOC(=O)CCC1=CC=CC=C1,floral; fruity; honey; rum; sweet,16237,16237
CCCCCCCC(=O)OCCC(C)C,cognac; fatty; fruity; green; oily; pineapple; waxy; winey,16255,16255
CCCCCOC(=O)C1=CC=CC=C1,balsamic; floral; fruity; sweet,16296,16296
CCCCCOC(=O)C1=CC=CC=C1O,balsamic; floral; herbal; sweet,16299,16299
C=CCSSSCC=C,garlic; onion; roasted; savory,16315,16315
CCCC(=O)OCC=C,apple; apricot; fruity; green; pineapple,16324,16324
CCCCOC(=O)CCC(=O)C,caramellic; fatty; fruity; savory; sweet; waxy,16331,16331
C=CCCC=O,green; malty; sharp,16418,16418
CC(=C)C1CCC(=CC1)C=O,fatty; herbal; spicy,16441,16441
CC1=CCC(CC1)C(C)(C)OC=O,citrus; floral; herbal,16537,16537
CC(C)COC1=CC2=CC=CC=C2C=C1,fruity; strawberry; sweet,16582,16582
C=CCSSCC=C,garlic; pungent,16590,16590
CCCSSCC=C,alliaceous; garlic; onion; savory,16591,16591
CCCSSC,garlic; onion; radish; vegetable,16592,16592
CCCCCC(=O)OCCC(C)C,apple; banana; fruity; pineapple; waxy,16617,16617
C[C@@H]1CC[C@H]([C@@H](C1)O)C(C)C,mint,16666,16666
COC1=CC=CC2=CC=CC=C21,orange,16668,16668
CCCCCCCOC(=O)CC,fruity; waxy; winey,16670,16670
C1=CC=C(C=C1)CCN=C=S,horseradish; pungent; radish; spicy; vegetable,16741,16741
CCCCCC1=CC=CC=N1,fatty; green; meaty; vegetable,16800,16800
CCCCCCCCC1CCC(=O)O1,fatty; fruity; peach,16821,16821
CCCCCC(=O)OC(C)C,fruity; pineapple; sweet,16832,16832
CCCCCCCCCC(=O)OC(C)C,fruity; green; oily; vegetable; woody,16833,16833
CCCOC(=O)C1=CC=CC=C1,balsamic; nutty,16846,16846
CC1=NCCS1,earthy; green; meaty; musty; nutty; roasted,16867,16867
CCCCCCOC(=O)C(C)C,apple; fruity; green; pear; sweet; tropical,16872,16872
CCCCCC=CC=CC=O,fatty; melon,16899,16899
COC(=O)CS,alliaceous; fruity; green; sulfurous,16907,16907
CC1=NC2=CC=CC=C2N=C1C,fatty; roasted,16925,16925
CCC1C=CC(=O)O1,caramellic; coconut; coumarinic; fruity; spicy,16997,16997
CC1CCCC(C1=O)(C)C,camphoreous; tobacco,17000,17000
CC(C)CCC(=O)OC,fruity,17008,17008
CC1=C(C(=C(C=C1)C)O)C,leathery; medicinal; phenolic; smoky; spicy; woody,17016,17016
CC1=CCC(CC1)C(C)(C)O,floral; sweet,17100,17100
CCCCCC(C=C)OC(=O)C,fresh; fruity; herbal; mushroom,17121,17121
CCC(C)COC(=O)C(C)CC,apple; berry; fruity; green; pineapple; tropical; waxy,17129,17129
CCCCCCC=CC=O,cucumber; fatty; green; melon,17166,17166
CC(=O)C1=CC(=C(C(=C1)OC)O)OC,balsamic; phenolic; spicy; sweet; vanilla,17198,17198
CC(=O)CCC1=CC=CC=C1,floral; fresh; green; jasmine,17355,17355
C1CCC(CC1)SSC2CCCCC2,berry; cocoa; coffee; green; meaty; musty; onion,17356,17356
CCCCCCOC(=O)CCC,fruity,17525,17525
CCC(C)OCC,berry; ethereal; fresh; fruity,17586,17586
C=CCOC(=O)CCC1CCCCC1,fruity; pineapple; sweet,17617,17617
CC(=O)NC1=CC=CC=C1C(=O)OC,grape,17623,17623
CC1=CC(=O)CC1,caramellic; ketonic; sweet,17691,17691
CC1SC(SC(S1)C)C,black currant; catty; meaty; sulfurous,17696,17696
CCCC1=CC(=C(C=C1)O)OC,balsamic; spicy; sweet,17739,17739
CC(C)CC(=O)OCC=C,apple; berry; cherry; fruity; winey,17816,17816
CC1=NC=CN=C1OC,hazelnut; nutty; roasted,17898,17898
CCCCCCCCCCCCCCCCS,fatty; meaty; sulfurous,18015,18015
CCCCCCCCCCCCCCCC(=O)C,dairy; fatty,18027,18027
CSS(=O)(=O)C,alliaceous; onion; pungent; roasted,18064,18064
CC(C)C(C)C(C)(C)O,camphoreous; earthy,18280,18280
COC1=NC=CN=C1,cocoa; earthy; green; nutty; roasted; sweet; winey,18467,18467
CC1C(=O)CCO1,bread; buttery; caramellic; roasted; rum; sweet,18522,18522
CCC1=CC=CO1,burnt; coffee; ethereal; musty; sweet,18554,18554
CSCCC=O,meaty; onion; potato; tomato,18635,18635
CCOC(=O)C1CCCCC1,apple; berry; brandy; cheesy; fermented; fruity,18686,18686
CCCCC1CCCC(=O)O1,coconut; fatty; oily; sweet,18698,18698
CC(C)C12CCC(=C)C1C2,citrus; spicy,18818,18818
CCCCCC(C=C)O,earthy; mushroom; sweet,18827,18827
CC(CCO)CC(C)(C)C,green; herbal; mint; oily,18938,18938
COCCC1=CC=CC=C1,floral; green; jasmine; rose,19089,19089
CC(=O)CCC1=CC=C(C=C1)OC(=O)C,fruity; vanilla; woody,19137,19137
C1=CC=C(C=C1)OCC(=O)O,honey; sour,19188,19188
CC(CCCC(C)(C)OC)CC=O,floral; fresh; sweet,19223,19223
C[C@@H]1CC[C@@H](C(C1)O)C(C)C,camphoreous; mint; musty; pine,19243,19243
CC1C(=O)C(=C(O1)C)O,caramellic; fruity; pineapple; roasted; strawberry,19309,19309
CSSSC,cabbage; garlic; onion,19310,19310
CC(=O)CCCCC=C,cheesy; fatty; herbal,19315,19315
CC(=C)CC(=O)C,burnt; ketonic; mint; sweet,19543,19543
CCCCCC1=CC=CO1,earthy; fruity; green; vegetable,19602,19602
CCCCCCCC1=CC=CO1,dairy; fatty; green; meaty; nutty; oily; tropical,19603,19603
CC(=CCCC(=CCCC(=O)C)C)C,aldehydic; floral; fresh; fruity; green; leafy; rose,19633,19633
CCOC(CC(C)C)OCC,cocoa; ethereal; fatty; fermented; fruity; green; malty,19695,19695
CCCC(=O)C(=O)C,buttery; creamy; sweet,19707,19707
CCCSC,green; onion; vegetable,19754,19754
CCOC(=O)C(C)(C)C,apple; fruity; rum,19838,19838
COC1=C(C=CC(=C1)C(=O)OC)O,floral; fresh; green; spicy; sweet; vanilla,19844,19844
CC(C)(C)C1=CC=NC=C1,green; leafy; tobacco; woody,19878,19878
CCCSCC,onion; vegetable,20063,20063
CCCCCCC(C)O,earthy; floral; green; leafy; musty,20083,20083
CCC=CCC(=O)O,cheesy; fruity,20200,20200
CCCCCCCC(=O)OCC=C,apple; banana; fatty; fruity; pineapple; winey,20219,20219
CC1=CC2=CC=CC=C2O1,phenolic,20263,20263
CCCC(=O)OC1=CC=CC=C1,aromatic; floral; fruity; honey; sweet,20354,20354
CCCCCCC1OCC(O1)C,fresh; fruity; green; herbal,20357,20357
C1CCC(CC1)OC=O,fruity; sweet,20358,20358
C1CCC2C(C1)CCC(=O)O2,coumarinic; herbal; spicy; sweet,20487,20487
C1=COC(=C1)CSSCC2=CC=CO2,coffee; meaty; roasted; sulfurous,20499,20499
C1CCC(CC1)CCO,floral; fresh,20508,20508
CCCCC1=CC=CO1,burnt; musty; nutty; spicy; vegetable,20534,20534
CC1=CCC(C1(C)C)C(=O)C,camphoreous; fatty; herbal; pine; sweet; woody,20590,20590
CC(C)C1CCC(CC1)O,floral; rose,20739,20739
CC(CCC=C(C)C)O,citrus; fatty; floral; green; sweet,20745,20745
COC(=O)C1CCCCC1,berry; floral; fruity; milky; sweet,20748,20748
CC1CC(=O)C=C2C1(CC(CC2)C(=C)C)C,citrus; grapefruit,20797,20797
CCC(OCC)OCC,apple; brandy; cognac; ethereal; fruity,20858,20858
CCC(OC)OC,brandy; cognac; ethereal; fruity,20859,20859
CCC1=CC=C(C=C1)C=O,almond; anisic; cherry; green; herbal,20861,20861
CCCC(C=C)O,ethereal; rum,20928,20928
CCCCCC1=CC=CS1,cheesy; fruity; mushroom; savory; sulfurous; tropical,20995,20995
C1CCC(C1)C2CCCC2=O,fresh; fruity; green; jasmine; mint,21003,21003
CCCCCCCCOC(=O)CCCCC,fruity; green; oily; sweet,21006,21006
CCCCC(C=C)O,buttery; cheesy; earthy; fruity; green; mushroom; sweet; vegetable,21057,21057
CCC1=C(C(=O)C=CO1)O,caramellic; fruity; sweet,21059,21059
CC(=O)CCCCCC=C,cheesy,21108,21108
CC(=CCOC(=O)C1=CC=CC=C1)C,balsamic; floral; sweet; tea,21265,21265
C1CCC(CC1)CC(=O)O,buttery; caramellic; cheesy; honey; waxy,21363,21363
CCCCCCOC(C)OCCCCCC,apple; fermented; fruity; green; herbal,21503,21503
CC(CC=O)CC(C)(C)C,green; herbal; spicy,21574,21574
CCCCCCC(=O)OCCCC,apple; fruity; green; herbal,21596,21596
CCCCCCCC(=O)OC(C)C,fatty; fruity; winey,21606,21606
CCOC(=O)CCS,fresh; fruity; grape; tropical,21625,21625
CC(=O)CCC1=CC=C(C=C1)O,fruity; sweet,21648,21648
CCC(C)CCCCCCC(=O)O,fatty; waxy,21813,21813
C1C(OC(O1)CC2=CC=CC=C2)CO,floral; rose; sweet,21895,21895
CC1=NC=CN=C1C,caramellic; cocoa; coffee; green; meaty; nutty; potato,22201,22201
CC1(CCC(O1)C(C)(C)O)C=C,creamy; earthy; floral; leafy; sweet,22310,22310
CC1=CCC(CC1)C(=C)C,citrus; gasoline,22311,22311
CCCSSSCCC,green; onion,22383,22383
CCCC(C)O,alcoholic; ethereal; solvent; winey,22386,22386
CCCCCCCCCCC(=O)C,citrus; floral; fruity,22556,22556
CC(=O)OCCOC1=CC=CC=C1,floral; fruity; herbal,22568,22568
CCCCCCOC(=O)C1=CC=CC=C1O,balsamic; floral; fruity; hay; herbal; spicy,22629,22629
CCCCCCCCCCCCOC(=O)C(C)O,burnt; dairy; fatty; fruity; oily,22692,22692
CCCCCCOC(=O)CCCCC,berry; fresh; fruity; green; sweet; tropical; vegetable; waxy,22873,22873
CSCCSC,alliaceous; dairy; garlic; sulfurous,23110,23110
CCCCC=CC=CC=O,cucumber; fatty; grassy; green; leafy; violet,23203,23203
CCCCCCOC(=O)C1=CC=CC=C1,balsamic; floral; green; herbal; woody,23235,23235
C1=CSC(=C1)SSC2=CC=CS2,brothy; savory,23347,23347
CCCCCC(=O)OCC1=CC=CC=C1,apricot; floral; fruity; green; peach; pineapple; sweet; tropical,23367,23367
CC(C)OC(=O)CCCCC(=O)OC(C)C,fruity,23368,23368
CC(=O)CC(=O)OC1CCCCC1,caramellic; fruity; sweet,23376,23376
CCCCCCCCCCCCCCC(=O)OC,fatty; oily; waxy,23518,23518
CCOC(C(C)CC1=CC=C(C=C1)C(C)C)OCC,floral; green; vegetable,23534,23534
CC(=CCCC(C)(C=C)OC(=O)C1=CC=CC=C1N)C,floral; green; orange,23535,23535
COC1=CC=CC=C1S,earthy; meaty; roasted; smoky; vanilla,23642,23642
CCCCOC(=O)C=CC,apple; cognac; fruity; green; herbal; pineapple; rum,23726,23726
CCC(C)C(=O)OCC,apple; fruity; green; strawberry,24020,24020
CCCCOC(=O)C(C)OC(=O)CCC,buttery; fruity; sour; sweet,24114,24114
CC(C)C(=O)C(=O)C,buttery; creamy; fruity; sweet,24115,24115
C=CCOC(=O)COC1=CC=CC=C1,fruity; honey; pineapple; sweet,24117,24117
CCOC(=O)CC(C(=O)OCC)O,apple; fruity; herbal; winey,24197,24197
CCCCOC(=O)C1=CC=CC=C1N,berry; fruity; grape; sweet; winey,24433,24433
CC1CCC(CC1=O)C(=C)C,mint,24473,24473
C1CCC(CC1)OC(=O)C2=CC=CC=C2N,fatty; floral; fruity; grape; orange,24510,24510
CCCCCCCCCC(OC)OC,citrus; fatty; fruity; green; orange; waxy,24513,24513
CC(C)COC(=O)C1=CC=CC=C1N,fruity; orange; sweet,24515,24515
CCCCCCC(=O)OCC(C)C,cognac; fruity; green; winey,24516,24516
CCCCCCC(C)C=O,citrus; fatty; floral; orange; rose,24583,24583
CC1CCC(C(C1)O)C(=C)C,herbal; mint,24585,24585
CCOCCC(OCC)OCC,alcoholic; cognac; ethereal; fruity,24624,24624
CCOC1=CC=C(C=C1)C=O,almond; anisic; cherry; sweet,24834,24834
COC1=C(C=CC(=C1)CC=C)OC=O,dry; orris; sweet; woody,24835,24835
CCCCCCOC(=O)C(C)CC,apple; fruity; green,24838,24838
CCC(C)N,cheesy; fishy; ripe,24874,24874
CCCC(=O)OC(C)(C)CC1=CC=CC=C1,apricot; fruity; plum; tea,24915,24915
CCOC(=O)C1CC2CC1C=C2,fruity; green; honey,24986,24986
CCCCCCCCCCC(C)O,ethereal; fatty; fruity; oily,25045,25045
CCCCCCCCCCCC(=O)OC(C)C,creamy; dairy; fatty; floral; fruity; green; oily; waxy,25068,25068
COC1=C(C=CC(=C1)CC=C)OC(=O)CC2=CC=CC=C2,aromatic; honey; spicy; sweet; warm,25238,25238
CCOC(C)OC,alcoholic; ethereal; green; nutty; pungent,25298,25298
CCCCCCCCCCCCC=O,citrus; fatty; orange; waxy,25311,25311
CCCCCCCCCCC(=O)OCCCC,cognac; fatty; fruity; oily; waxy,25404,25404
CCCCC(=O)C(C)C,cheesy; dairy; fruity; green; herbal,25611,25611
C=CCCCCCCCCO,aldehydic; fresh; rose; waxy,25612,25612
CCC1=CN=C(C=N1)CC,cocoa; earthy; musty; nutty,25797,25797
CCC1=NC=C(N=C1)C,cocoa; coffee; green; nutty; roasted,25915,25915
CCC1=NC(=CN=C1C)C,almond; burnt; chocolate; cocoa; nutty,25916,25916
CC1=CCC2C(C1)C2(C)C,fresh; sweet,26049,26049
CC(C)(C)C1CCCCC1O,camphoreous; mint; pine,26068,26068
CC(C)CC(=O)C(=O)C,buttery; oily,26204,26204
CCC1=NC=CN=C1,buttery; musty; nutty,26331,26331
CCC1=NC(=CN=C1)C,cocoa; hazelnut; potato; roasted,26332,26332
CC1=NC=CN=C1CC(C)C,earthy; herbal; vegetable,26333,26333
CCC1=NC=C(N=C1C)C,almond; burnt; chocolate; cocoa; hazelnut; nutty,26334,26334
CC1=CN=C(C=N1)C=C,coffee,26335,26335
CC1(C(CCC(O1)(C)C=C)O)C,creamy; earthy; floral; fresh,26396,26396
CCCCCCCCCCCCCCCCC(=O)OCC,fatty; oily; waxy,26397,26397
CCCCCC=CC(=O)C,earthy; fruity; mushroom; sweet,26630,26630
CC1=CN=C(C(=N1)C)C,burnt; cocoa; coffee; nutty; potato; roasted,26808,26808
CC1(CCCC2(C1=CC(=O)O2)C)C,floral; fruity; sweet; tea; tobacco,27209,27209
CCC1=NC(=CS1)C,cocoa; coffee; meaty; nutty; savory,27440,27440
CCC1=NC=CN=C1C,burnt; earthy; green; hazelnut; nutty; potato; roasted,27457,27457
CCC1=NC=CN=C1CC,earthy; nutty; potato; roasted,27458,27458
CCC1=CN=C(C(=N1)C)C,almond; burnt; chocolate; cocoa; nutty,27460,27460
CC1CCOC(C1)C=C(C)C,earthy; green; rose,27866,27866
CC1CCC(C(C1)OC(=O)C)C(C)C,fresh; fruity; herbal; mint; sweet,27867,27867
CCC(C)C(=O)OC1CC(CCC1C(C)C)C,floral; fruity; herbal; mint; sweet,27868,27868
CCCCCC(C=C)OC(=O)CCC,buttery; earthy; mushroom,27892,27892
CCC(C)(C)C1CCC(=O)CC1,camphoreous; orris; woody,27941,27941
CCC1=NC=C(N=C1CC)C,chocolate; hazelnut; meaty; nutty; roasted,28905,28905
CCC1=CN=C(C(=N1)CC)C,cocoa; earthy; green; nutty,28906,28906
CCCCCCCCCCCCCCCCCCC(=O)OCC,odorless; waxy,29008,29008
CC(CCCC(C)(C)O)C=C,citrus; floral; fresh; herbal,29096,29096
CCCCCCCCC(C)C=O,citrus; dry; fatty; green; orange; waxy,29381,29381
CC1=C(OC(=N1)C(C)C)C,earthy; green,29644,29644
C[C@H]1CCC[C@@]2([C@@]1(CCCC2)O)C,earthy; green; herbal; musty,29746,29746
CCCCC(=O)OC1=CC=CC=C1,fruity; medicinal; phenolic,29950,29950
CC1CC(=O)CC(C1=O)(C)C,sour; tea; tobacco,30181,30181
CC1=C(OC(=N1)C)C,beefy; chocolate; fruity; green; meaty; nutty; sweet,30215,30215
CCCOC(C)OCC,alcoholic; cognac; ethereal; green; nutty; pungent,30220,30220
CC(=CCC(COC(=O)C)C(=C)C)C,fruity; herbal; spicy; sweet; warm,30247,30247
CC1CCC(CC1OC(=O)C)C(=C)C,floral; mint; rose; sweet,30248,30248
CC(C)CCCC(C)CCOC(=O)C,floral; fruity; honey; waxy,30249,30249
CCCCCCCC=CC=CC=O,chicken; fatty,30748,30748
CC(=O)OCCC1CCCCC1,fruity; mint; rose; sweet,30771,30771
CC(=O)C1=NC=CN=C1,bread; nutty; popcorn,30914,30914
CC1=CN=C(C=N1)C(=O)C,bread; nutty; popcorn,30915,30915
CCCCOC(=O)CC1=CC=CC=C1,honey; rose; sweet,31210,31210
CC(=O)CCC1=CC(=C(C=C1)O)OC,balsamic; spicy; sweet; vanilla,31211,31211
CCOC(OCC)OCC,camphoreous,31214,31214
CCC(=O)OCC1=CC=CC=C1,floral; fruity; jasmine,31219,31219
CCC(=O)OCCC1=CC=CC=C1,fruity; herbal; rose; spicy,31225,31225
CC(=O)OCCCC1=CC=CC=C1,balsamic; floral; honey; spicy,31226,31226
CC(=O)OC1=CC=CC=C1,jasmine; metallic,31229,31229
CC(=O)CC1=CC=C(C=C1)OC,anisic,31231,31231
C1=CC=C(C=C1)CCCO,balsamic; floral,31234,31234
C1=CC=C(C=C1)OCCO,balsamic; floral; fresh; rose,31236,31236
CCCCC(CC)C=O,fruity; green,31241,31241
CCC1=CC=C(C=C1)O,animal; phenolic; woody,31242,31242
COC1=CC=C(C=C1)C=O,anisic; floral; fruity; hay; herbal; sweet; vanilla,31244,31244
CCCC(C)C=O,cheesy; cocoa; fruity; green,31245,31245
CCCC(=O)CCC,fruity; green; pungent,31246,31246
CCOC(=O)CCC(=O)OCC,ethereal; grape; green; winey,31249,31249
CCCCCCCCC(=O)OCC,cognac; fatty; grape; nutty; oily; waxy,31251,31251
CC1=CN=C(C=N1)C,chocolate; earthy; roasted,31252,31252
CC(=O)CC(C)(C)O,fresh; fruity; ketonic; mint,31256,31256
CC(C)CCO,alcoholic,31260,31260
CC1OC(OC(O1)C)C,fruity; musty; rum; sweet,31264,31264
CCCCCC(=O)OCC,banana; fruity; pear; pineapple; strawberry; tropical,31265,31265
CCCCCC(=O)OCC=C,fatty; fruity; pineapple; winey,31266,31266
CCCCCCCCOC(=O)CCCCC(=O)OCCCCCCCC,fatty; odorless,31271,31271
CCCCOC(=O)C,banana; fruity; pear; pineapple; sweet,31272,31272
CC(C)CCOC(=O)C,banana; fruity; pear; sweet,31276,31276
CCCCCCCCCCCCCCCCCC(=O)OCCCC,fatty; fruity; odorless,31278,31278
CCCCCCCCCCCCCC(=O)OCC,fatty; sweet; waxy,31283,31283
CCCCCCCCCCCCCC(=O)OC,cognac; fatty; oily; orris,31284,31284
CCCCCCCC=C,gasoline,31285,31285
CCCCCCCCC=O,fatty; floral; rose; waxy,31289,31289
CCCCCCCCCCCCCC=O,citrus; fatty; waxy,31291,31291
CC(=CCCC(C)(C=C)OC(=O)C1=CC=CC=C1)C,citrus; floral; fruity,31353,31353
CC1(C2CC=C(C1C2)CCO)C,camphoreous; citrus; pine; woody,31408,31408
CCC(=O)OCCOC1=CC=CC=C1,fruity,31954,31954
CC1SC(SS1)C,chicken; meaty; onion,32033,32033
CC1=NC=CN=C1C(=O)C,cocoa; coffee; hazelnut; nutty; popcorn; roasted,32093,32093
CC1NCCS1,fishy; meaty; sweet,32196,32196
CC(C)CC1=NC=CN=C1OC,green,32594,32594
CCCCCOC(=O)CCC(C)C,apple; fruity; oily,32967,32967
C(CC(=O)O)[C@@H](C(=O)O)N,meaty,33032,33032
CCC1=NC=CN=C1OC,earthy; green; musty; nutty; vegetable,33135,33135
CC(C)C1=NC=CN=C1OC,earthy; potato; vegetable,33166,33166
CC1=CC=CC=C1OC,camphoreous; earthy,33637,33637
CC(S)S,cheesy; meaty; onion; roasted; savory; sulfurous,33645,33645
CCCCCC1=CC=CC(=O)O1,buttery; coconut; creamy; dairy; peach,33960,33960
CCC=CCCC=CCO,cucumber; leafy; melon; vegetable,34134,34134
CC1=C(C=CO1)S,beefy; brothy; fishy; meaty; roasted; sweet,34286,34286
CC1=C(SC=C1)C,brothy; meaty; nutty; roasted; sweet,34295,34295
CC(C)C1=NC=CN=C1,green; nutty,34590,34590
CC1CCC(C(=O)C1)C(=C)C,green; mint; woody,34645,34645
CCCSSCC,fatty; garlic; green; onion; roasted; savory; sulfurous; vegetable,35349,35349
CCCCCCCCCC(=O)OCCCC,brandy; cognac; fruity; oily; sweet,35408,35408
CCC(=O)C1CC(CC=C1C)C(C)C,citrus; green; leafy,35785,35785
CC1=CCCC(C1CCC(=O)C)(C)C,floral; fruity; orris; violet; woody,35821,35821
COC1=CC(=CC(=C1O)OC)C=C,phenolic; smoky; spicy,35960,35960
CC(=O)OC1CCC(CC1)C(C)(C)C,floral; orris; woody,36081,36081
CCC1=C(SC(=N1)C)C,burnt; coffee; earthy; potato,36098,36098
CCC1=CN=C(C(=N1)C)CC,burnt; cocoa; hazelnut,36225,36225
C1CCC2=NC=CN=C2C1,nutty; popcorn; roasted,36822,36822
CCC=CCCOC(=O)CC(C)C,apple; fruity; green,37065,37065
CCCCCCCCCCCCCCCCOC(=O)C(C)O,odorless,37098,37098
CC(C(=O)C)S,beefy; catty; coffee; meaty; onion; savory,38679,38679
CCCCCCCCCCCCCCC(=O)OCC,fatty; oily; waxy,38762,38762
CCCC1=CSC(=N1)C,green; vegetable,39071,39071
CCCCCCCCC(=O)OCCCC,cognac; fruity; oily; rose; winey,39742,39742
CC(=O)OCCCCCCCCC=C,rose; waxy,39801,39801
CCCCCC1CC=CC(=O)O1,buttery; coconut; creamy,39914,39914
CCC1=C(N=CS1)C,green; hazelnut; vegetable,40380,40380
CC1=C(SC(=N1)C(C)C)C,earthy; nutty; potato; roasted,40787,40787
CC1=CC(=C(O1)C)S,meaty; roasted; savory,41569,41569
CC1=CC(=C(O1)C)SC(=O)CC(C)C,cocoa; creamy,41570,41570
CCCCCCCCCCCCCCCC=CC=O,fatty,41923,41923
CCCCCC=CC=C,gasoline,41971,41971
CC(CCOC(=O)C)CC(C)(C)C,fruity; orris; woody,42745,42745
C[C@H]1CC[C@@H]([C@H](C1)OC(=O)CC(=O)C)C(C)C,floral; fresh; fruity; mint,43045,43045
CCCCCCCC(=O)OC1=CC=C(C=C1)C,animal; floral; herbal; oily,43046,43046
CCCC(C)OC(=O)CCC,banana; ethereal; fruity; green; peach; pineapple; plum; sharp; sweet,43263,43263
CCCSSC1=C(OC=C1)C,beefy; coffee; meaty; roasted,43579,43579
CC1=C(C=CO1)SSC,brothy; coffee; meaty; roasted; sulfurous,47649,47649
CCCC(=O)OCCC(C)CCCC(C)C,floral; fruity; rose,49988,49988
CC(C)CCCC(C)OC(=O)C,fruity; sweet,50006,50006
CC(=CCOC(=O)C1=CC=CC=C1O)C,floral; herbal; sweet; woody,50216,50216
CCCCC=CCC(=O)OC,fatty; fruity; green; melon; pear,50608,50608
CCOC1=CC=CC=C1CO,anisic; aromatic; sweet; vanilla,51381,51381
CCCCC1=NC(=C(S1)C)C,green; meaty; nutty; roasted; sulfurous,53517,53517
CC1N=C(CO1)C,meaty; nutty; roasted; vegetable,53654,53654
CC(C)CC(=O)OC1CC2CCC1(C2(C)C)C,camphoreous; earthy; fruity; green; herbal; mint; woody,60968,60968
CCOC(=O)C1=CC=C(C=C1)OC,anisic; floral; sweet,60979,60979
CCCCC(=O)C(=O)C,buttery; cheesy; fatty; sweet,60983,60983
CC(C)C(=O)OCCC(C)CCC=C(C)C,fruity; rose; sweet,60985,60985
CC1=CC=C(C=C1)C(C)C=O,floral; fresh; green; herbal; sweet; woody,60990,60990
COC(CC1=CC=CC=C1)OC,earthy; floral; green,60995,60995
CC1=CC=C(C=C1)OC(=O)CC2=CC=CC=C2,animal,60997,60997
CC(C)COC(=O)CC1=CC=CC=C1,floral; rose; sweet,60998,60998
C1=CC=C(C=C1)CC(=O)OCC2=CC=CC=C2,floral; sweet,60999,60999
CC(C)C(=O)OCCOC1=CC=CC=C1,floral; fruity; honey,61005,61005
CC1=CC=C(C=C1)CC=O,cherry; fruity; green; melon; nutty; sweet,61006,61006
CC(=O)CCC1=CC=C(C=C1)OC,berry; floral; fruity; sweet,61007,61007
C1=CC=C(C=C1)CCCOC=O,floral; green; honey; sweet,61010,61010
C1CCCCCC(=O)OCCOC(=O)CCCCC1,fatty; musk; oily; sweet,61014,61014
CCCCCCCCCCCC(=O)OCCCC,fatty; fruity; oily,61015,61015
CC(CCC=C(C)C)C=O,green; melon,61016,61016
CC(=CC=O)C,almond; fruity; nutty; spicy,61020,61020
CCCCCCCCOC(=O)C(C)C,earthy; fatty; fruity; green; herbal; vegetable,61024,61024
CCCCOC(=O)CCCCCCCCC=C,brandy; buttery; fatty; waxy; winey,61027,61027
CCCCCCCCOC(=O)CCC,fatty; floral; fruity; green; herbal,61030,61030
CCCCCCCCCC(C)C=O,dry; fatty; fruity,61031,61031
CC(=O)OCCCCCCCCCC=C,fatty; floral; honey; rose,61035,61035
CC(=CCCC(C)(C=C)OC=O)C,citrus; fresh; herbal,61040,61040
CC1=C(C(CC=C1)(C)C)C=O,camphoreous; tobacco,61041,61041
CC1=C(C(=CC=C1)C)S,meaty; phenolic; roasted; smoky; sulfurous,61045,61045
CC(C)COC(=O)C1=CC=CC=C1,balsamic; floral; fruity; green; leafy; rose,61048,61048
CCCCCCCCOC(=O)CC1=CC=CC=C1,citrus; fatty; floral; fruity; rose; sweet,61050,61050
CCC(=O)OCCCC1=CC=CC=C1,balsamic; floral,61052,61052
COC1=CC=C(C=C1)COC=O,floral; green; spicy; sweet; vanilla,61054,61054
C[C@@]12CC[C@H](C1(C)C)C[C@H]2O,camphoreous; pine,61060,61060
CC(C)C(=O)OCCC(C)CCCC(=C)C,floral; fruity; rose; sweet,61085,61085
CC(CCCC(=C)C)CCOC=O,fresh; fruity; green; leafy; rose,61092,61092
CCCC(=O)OCCC(C)CCCC(=C)C,fruity; rose; sweet,61093,61093
CCCCCCCCOC(=O)CC,fatty; fruity; sweet; waxy,61096,61096
CCC(=O)OC(C)(CCC=C(C)C)C=C,floral; fruity; rose; sweet,61098,61098
CC1=C(C(CCC1)(C)C)CC=O,fruity; sweet; tea; tobacco,61124,61124
CC1(CC2C1CCC3(CCCC2(C3)O)C)C,dry; spicy; warm; woody,61125,61125
CC1=CC(C2CC1C2(C)C)O,camphoreous; mint; spicy; sweet,61126,61126
CC1(CCCC2(C1CCC3(C2CC(=O)O3)C)C)C,tobacco,61129,61129
CC1(C2CC=C(C1C2)C=O)C,cinnamon; herbal; spicy,61130,61130
CCCCOCC1=CC=CC=C1,floral; fruity; rose; sharp; sweet,61134,61134
CCCCC(=O)OCCCC,ethereal; fruity,61137,61137
C=CCCC(=O)O,caramellic; cheesy; sour,61138,61138
COC1=CC=CC=C1C(=O)OC,anisic; herbal; musty; winey,61151,61151
COC1=CC=CC=C1C=C,earthy; leathery; medicinal; musty; spicy; woody,61153,61153
CC(=O)OC1=CC=CC=C1OC,smoky; sweet,61155,61155
CC1=CC=CC=C1OC(=O)C2=CC=CC=C2O,aromatic; mint; sweet,61159,61159
CC(C)OC(=O)C(C)O,buttery; caramellic; fruity; milky,61160,61160
CCC(=O)OCC1=CC=CO1,banana; fruity; green; pear,61166,61166
CCCC(=O)OCC1=CC=CO1,fruity; grape; green,61167,61167
CCSC(=O)C,garlic; meaty; sulfurous,61171,61171
CCCCCCOC=O,ethereal; fruity; green; sweet,61177,61177
CCC(=O)OCC1CCCO1,caramellic; fermented; fruity; sweet,61183,61183
CCCC(=O)OC(C)C,buttery; pineapple; strawberry,61184,61184
CCCCCCCC(=O)OCCCCC,fatty; floral; fruity; oily; sweet,61185,61185
CC1=C(SC=N1)CCOC(=O)C,beefy; bread; brothy; chicken; nutty,61192,61192
CCC1C(=C(C(=O)O1)O)C,caramellic,61199,61199
CC1=CC(=C(C=C1)C=O)O,burnt; caramellic; coumarinic; sweet,61200,61200
CCCC(CC1=CC=CC=C1)O,earthy; green; sweet,61202,61202
CCCCCCC1CCCC(=O)O1,creamy; fatty; peach,61204,61204
CC1CCC(=O)C1=O,caramellic,61209,61209
CC(CS)S,onion; sulfurous,61217,61217
CC(=O)OC1=C(C=C(C=C1)C=O)OC,creamy; floral; sweet; vanilla,61229,61229
CCCCCCC(=O)CC,fruity; grassy; green; herbal,61235,61235
CC(=O)C1=CC=CN1C,floral; nutty; sweet,61240,61240
C=CC(CC=O)C1=CC=CC=C1,cocoa; floral,61243,61243
C1CSCC1=O,buttery; garlic; meaty; onion; roasted; vegetable,61252,61252
CCC(=O)C1=CC=CN1,green; roasted,61260,61260
CSC1=CC=CC=C1O,beefy; brothy; burnt; caramellic; meaty; smoky; sulfurous,61261,61261
CC(=O)OCC1=CCC2CC1C2(C)C,floral; herbal; spicy; sweet; woody,61262,61262
CC1=CCOC(C1)C=C(C)C,floral; green,61275,61275
C=CCOC=O,ethereal; fruity; pungent,61278,61278
CC(C)SCC1=CC=CO1,coffee; garlic; meaty; onion; roasted; savory,61282,61282
CC1=CCC(C1(C)C)CCO,berry; camphoreous; sweet; woody,61284,61284
CC(CCC=C(C)C)CC(=O)OC,apple; brandy; floral; green; waxy; winey,61290,61290
CCCC(CC(=O)OCC)O,citrus; fresh; fruity; grape; green; winey,61293,61293
CCCCCCCCOC(=O)CCCCCCC,fatty; herbal; sweet; tea,61294,61294
CCCSC(=O)C,alliaceous; fresh; garlic; green; onion; sulfurous,61295,61295
CC(C)CCOC(=O)CC(=O)C,ethereal; fruity; sweet; winey,61296,61296
CC(CCC1=CC=CC=C1)O,floral; fruity; herbal,61302,61302
CCCCCCCCCCCCCC(=O)C,dairy; fatty; fruity; waxy,61303,61303
CCCCCCCOC(=O)C(C)C,fruity; herbal; tropical,61304,61304
CCCC=CC(=O)OC,fruity; green; pineapple,61310,61310
CCC(=O)OCC=C,apple; apricot; fruity; pear; pungent; sour; tropical,61319,61319
CC1C(=O)C(=C(O1)C)OC,caramellic; fruity; sweet; winey,61325,61325
COC1=CC=CC=C1OC(=O)CC2=CC=CC=C2,anisic; dry; honey; woody,61331,61331
CC1C(=O)C(=C(O1)C)OC(=O)C,fruity; strawberry,61334,61334
C=CCOC(=O)C1=CC=CO1,caramellic; coffee; fruity,61337,61337
C1=CC=C2C(=C1)C=C(O2)C=O,coumarinic; sweet,61341,61341
CCCCCCCC(=O)OCCCCCCC,fatty; green; musty; oily; tropical; waxy,61342,61342
CCCCCC(=O)C=C,metallic; mushroom,61346,61346
CCOCCC(=O)O,ethereal; fruity; pungent; sharp,61351,61351
CC(C)C1=CC=C(C=C1)CC=O,green; woody,61359,61359
CCCCC1C2=CC=CC=C2C(=O)O1,herbal,61361,61361
CC1=CC(=O)[C@@H](CC1)C(C)C,fresh; herbal; mint,61362,61362
CCC(=O)OC1CCCCC1,banana; fruity; green; pineapple; sweet; waxy,61375,61375
CCCCCC(=O)OCCC1=CC=CC=C1,fruity; honey; rose; waxy; woody,61384,61384
CCCCCCCCCCCC(=O)OCCC(C)C,fatty; oily; winey,61386,61386
COC1=C(C=C(C=C1)C=C)OC,earthy; medicinal; phenolic; smoky; sweet; vegetable,61400,61400
CC(CCC=C(C)C)CCOCC=O,citrus; floral; melon; rose,61401,61401
CC(=C(C)C(=O)OCC1=CC=CC=C1)C,fruity; herbal; spicy,61402,61402
CCCOC(C)OCCC1=CC=CC=C1,floral; green; leafy,61403,61403
CCCCCCCCC(=O)C(=O)C,coconut; creamy; dairy; milky; sweet,61404,61404
C=CCOC(=O)CCCC1CCCCC1,fruity; pineapple; sweet,61405,61405
C=CCOC(=O)CCCCCC1CCCCC1,fatty; fruity,61406,61406
C=CCOC(=O)CCCCC1CCCCC1,fruity; sweet,61407,61407
CCC(CC)C(=O)OCC=C,fruity; oily,61408,61408
CCCCCCCCC(=O)OCC=C,cognac; fatty; fruity; nutty; pineapple; winey,61410,61410
C=CCCCCCCCCC(=O)OCC=C,coconut; fatty; nutty; pineapple; sweet,61412,61412
CCCCCCC(=O)OCCCCC,banana; dry; ethereal; fruity; green; winey,61415,61415
CCCCC(=O)OCCC(C)CCC=C(C)C,fruity; herbal; honey; rose,61416,61416
CCC(=O)OCC1=CC=C(C=C1)OC,floral; fruity; herbal; sweet; vanilla,61417,61417
CCCCC(=O)O[C@@H]1CC2CCC1(C2(C)C)C,fruity; herbal; pine; tobacco; woody,61418,61418
CCCCCCCC(OC)OC,citrus; cognac; fresh; green; orange; waxy,61431,61431
CCCCCCCCCCCC(=O)OC1=CC=C(C=C1)C,balsamic; floral; sweet; waxy,61434,61434
CCCCCCCC(=O)OC(C)(CCC=C(C)C)C=C,dry; fruity; herbal,61435,61435
CC(C)C(=O)OC(C)(C)CCC1=CC=CC=C1,fruity; herbal; tea; tropical,61446,61446
CCCC(=O)OC(CC)C1=CC=CC=C1,floral; fruity; sweet,61447,61447
CCC(CC)COC(=O)C,banana; fermented; fruity; musty; pear,61448,61448
CCOC(=O)CCC1=CC=CO1,chamomile; fruity; green; pineapple; woody,61450,61450
CCCCCCC#CC(=O)OCC,cucumber; green; leafy; violet,61451,61451
CCOC(=O)CCCC1=CC=CC=C1,fruity; plum; sweet,61452,61452
CCCCCCC(OC)OC,green; vegetable,61453,61453
CCCCCCOC(=O)CC(C)C,apple; green; sweet,61455,61455
CCCCCCC1CC(CO1)OC(=O)C,floral; fruity; sweet,61457,61457
CC(C)(CC1=CC=CC=C1)OC=O,green; herbal; jasmine,61464,61464
CCOC(=O)CCC1CCCCC1,fruity; pineapple; sweet,61466,61466
C1CC=C(C(=O)C1)O,burnt; caramellic,61502,61502
CCC(C)(CCC1=CC=CC=C1)O,floral; fruity; rose,61516,61516
CC(CCC1=CC=CC=C1)OC(=O)C,fruity; green; sweet,61517,61517
CC(CCCC(=C)C)CCOC(=O)CC1=CC=CC=C1,honey; rose; sweet,61521,61521
C1=CC=C(C=C1)CCCCCO,citrus; floral; herbal; sweet,61523,61523
CCCCCCCCC#CC(=O)OC,floral; green; violet; waxy,61524,61524
CC1=CC(=C(O1)C)C(=O)C,earthy; nutty; roasted; sweet,61527,61527
CCOCC1=CC(=C(C=C1)O)OC,phenolic; sweet,61586,61586
CCC(=O)CC(=O)C(=O)OCC,burnt; caramellic; floral; fruity,61590,61590
CCOC(=O)CCSC,caramellic; fruity; pineapple,61592,61592
CC1CC(=O)C(=O)C1C,burnt; caramellic,61633,61633
CC1CC(C(=O)C1=O)C,caramellic; nutty,61634,61634
COC(=O)CCSC,cabbage; fruity; green; onion; radish; tropical,61641,61641
CC1=C(SC(=N1)C)C,chocolate; cocoa; coffee; hazelnut; herbal; nutty,61653,61653
CCC(=O)CSC,garlic; mushroom,61656,61656
CC1=CC=C(O1)SC,burnt; sulfurous,61657,61657
CC(C)CC(=O)OCC1=CC=CO1,berry; fruity; ripe,61658,61658
C1=COC(=C1)CSCC2=CC=CO2,burnt; coffee; earthy; meaty; mushroom; roasted; savory,61659,61659
CC(=O)SCC1=CC=CO1,alliaceous; burnt; coffee; garlic; roasted; savory,61660,61660
COCC1=CC=CO1,coffee,61661,61661
CSC(=O)C1=CC=CO1,cabbage; cheesy; dairy; onion,61662,61662
CC1=CC=C(S1)C=O,almond; cherry,61663,61663
CC1C(=O)CCS1,berry; black currant; burnt; catty; fruity; sulfurous,61664,61664
CC(=C)C1CCC(O1)(C)C=C,fresh; herbal; mint; pine,61665,61665
CC1=C2C(=CC=C1)N=CC=N2,burnt; nutty; roasted,61670,61670
CC(=O)OC1[C@]2(CC[C@H](C2)C1(C)C)C,sweet,61696,61696
CC1=CN=C(C=N1)C(C)C,coffee; earthy; green; nutty; roasted,61700,61700
CCC1=CC(=C(C(=C1)OC)O)OC,burnt; phenolic; smoky; spicy,61712,61712
CC(C)CC1=CN=CC=C1,earthy; green,61715,61715
CCCCCC(=O)C1=CC=CO1,apricot; fruity; green,61738,61738
C=CCCCCCCCC(=O)O,cheesy; creamy; fatty; fruity; milky; waxy,61743,61743
CC1=CCC(CC1)C(C)(C)OC(=O)C2=CC=CC=C2N,floral; fruity; musty; sweet,61746,61746
CCC(C)C1CCCCC1=O,mint,61771,61771
CC(=C)C1CCC(=CC1)COC(=O)C,floral; fruity; herbal; spicy; woody,61780,61780
CC1=CCC(CC1)C(=C)COC(=O)C,fruity; herbal; sweet; woody,61781,61781
CC1=CSC(=N1)C(C)C,coffee; earthy; green; nutty; peach; tropical; vegetable,61808,61808
CCOC1=NC=CS1,brothy; burnt; meaty; nutty; onion; phenolic; roasted; sweet,61809,61809
CCCCOC(=O)C(C)CC,apple; fruity; pineapple; tropical,61812,61812
CC1=CC(=C(C=C1)C=O)C,almond; cherry; sweet,61814,61814
CCC(CS)S,burnt; garlic; meaty; sulfurous,61829,61829
CCCCCCCC1CC=CC(=O)O1,buttery; coconut; creamy; dairy; waxy,61834,61834
CCCCCCC1CCCCC(=O)O1,apricot; fatty; milky; peach,61835,61835
CC(CC=O)SC,cheesy; green; potato; tomato,61845,61845
CCCCCC=CCCC=O,citrus; floral; fresh; fruity; orange,61875,61875
CCC(C=O)C1=CC=C(O1)C,cucumber; fatty; fruity; green; vegetable,61897,61897
CC(C)CC(=O)OC(C)C,apple; berry; cheesy; ethereal; fruity; pineapple,61914,61914
CCC1=NC=CN=C1C(=O)C,earthy; hazelnut; meaty; nutty; popcorn; potato,61918,61918
CC(=O)CCSC,cheesy; earthy; fishy; potato; vegetable,61922,61922
CSSSCC=C,garlic; onion,61926,61926
CC1=CC2=CC(=O)CCC2CC1,coconut; coumarinic; fruity,61935,61935
CC(=O)CCS,meaty; potato,61936,61936
CC(=C1CCC2(C(C1=O)O2)C)C,apple; herbal; mint; pineapple,61942,61942
C1=CN=C(C=N1)CCS,chicken; meaty; roasted; savory; sulfurous,61945,61945
CC1=NC=C2CSCC2=N1,nutty; popcorn,61951,61951
CC1CCC2(O1)C(=CCCC2(C)C)C,camphoreous; fruity; sweet; woody,61953,61953
CC1=CC=CC=C1OC(=O)C(C)C,berry; fruity; medicinal; phenolic,61954,61954
CCCCC(=O)OCC1=CC=CO1,apple; caramellic; fruity; pineapple,61955,61955
CC=C(C)C(=O)OCC1=CC=CC=C1,earthy; mushroom; rose,61967,61967
CC1=NC=C(S1)OC,cabbage; green; sulfurous; vegetable,61976,61976
CC1C2(CCO1)SC3CCOC3(S2)C,meaty,61979,61979
CCNC1=CC=CC=C1C(=O)OCC,dry; grape; winey,61980,61980
CC1CCC(C(=O)C1)C(C)(C)S,catty,61982,61982
CCCCCCOC(=O)C1=CC=CO1,apple; floral; fruity; green; pear; waxy,61984,61984
CCCCCCCC(=O)OCC1=CC=CO1,coconut; peach; sweet,61985,61985
CCN1C=CC=C1C(=O)C,nutty,61988,61988
CC(=O)CCSCCC(=O)C,meaty; sulfurous,61989,61989
CCCCCCCC1CC(OC1=O)C,citrus; creamy; fatty; fruity; green; nutty; sweet,61990,61990
CCC(=O)SCC=C,alliaceous; fresh; garlic; onion; sweet,61995,61995
CC(=CC(=O)OCCC1=CC=CC=C1)C,green; winey,61997,61997
CSCCCC=O,tomato; vegetable,62000,62000
CCOC(=O)C1=C(OC=C1)C2=CC=CC=C2,berry; cherry; fruity; sweet; tropical,62007,62007
CC(=O)C1(CCCCC1)OC(=O)C,cinnamon; floral; fruity; honey; nutty,62017,62017
CCOC(=O)C(C)CC=C,fruity; pineapple; tropical,62024,62024
CCC1=NC(=C(O1)C)C,earthy; green; musty; vegetable,62069,62069
CC(C(C)S)O,brothy; garlic; meaty; onion; savory,62087,62087
CC(C(C)SC(C)C(C)S)O,brothy; burnt; meaty; roasted; savory; sulfurous,62090,62090
CC1=CC=C(C=C1)OC(=O)CC(C)C,animal; herbal; sweet; tobacco,62092,62092
C[C@@H]1CC[C@@H]([C@@H]1C=O)C(=C)C,camphoreous; fruity; green; herbal; woody,62095,62095
CC(=O)CCC1=CC2=C(C=C1)OCO2,berry; cherry; floral; sweet; woody,62098,62098
CC1(CSC(CS1)(C)O)O,chicken; onion; sweet,62105,62105
CC(C)C1=CCC(CC1)C(=O)O,herbal; spicy,62117,62117
CC1=C(C(CC=C1)(C)C)CCC(C)O,green; leathery; musk; orris,62126,62126
CC(=O)OC12CCCC(C1)(CCC3C2CC3(C)C)C,fruity; woody,62127,62127
CC1C(CCO1)S,beefy; chicken; meaty; roasted; savory,62128,62128
CSSCC1=CC=CO1,bread; coffee; meaty; onion; roasted,62131,62131
CCC(=O)SCC1=CC=CO1,alliaceous; coffee; savory,62143,62143
C1=COC(=C1)CSC=O,coffee,62144,62144
C1=CN=C(C=N1)CS,cabbage; roasted; sulfurous,62145,62145
CCCCCC(CO)C(=O)C,earthy; herbal; musty; sweet,62148,62148
CCOC(=O)C(C)C=C=C,apple; berry; fruity; melon; pear,62166,62166
CCCCC(=O)C(CCC)SC1=C(OC=C1)C,beefy; brothy; meaty; roasted,62182,62182
CC1=C(C=CO1)SC(C(C)C)C(=O)CC(C)C,meaty; onion; roasted,62183,62183
CCCCCC(=C)C(=O)C,fresh; fruity; mushroom; musty,62218,62218
CC=CCCCCC=O,green; melon,62220,62220
CCC(C(=O)C)S,catty; meaty; savory,62237,62237
CCCC(=O)OC(C)(CCC=C(C)C)C=C,fruity; honey; peach; pear; plum; sweet,62321,62321
CC(C(=O)O)S,brothy; cheesy; meaty; sulfurous,62326,62326
CCC(=O)OC(C)(C)C1CCC(=CC1)C,citrus; fruity; herbal; sweet,62328,62328
C1=CC=C(C=C1)CCOC(=O)C2=CC=CC=C2O,balsamic; floral; spicy; sweet,62332,62332
CCOC(=O)C(C(C(=O)OCC)O)O,fruity; winey,62333,62333
CC(=O)OC1CCCCC1C(C)(C)C,apple; fresh; fruity; woody,62334,62334
CC(C1=CC=CC=C1)C(OC)OC,citrus; floral; green; mushroom,62336,62336
COC1=C(C=CC(=C1)CO)O,balsamic; creamy; milky; sweet; vanilla,62348,62348
CC1CCC(OC(=O)C1)C(C)C,caramellic,62349,62349
C[C@@H]1CC[C@H](C[C@H]1O)C(C)C,herbal; mint,62350,62350
CSCCCN=C=S,earthy; pungent; radish; vegetable,62351,62351
COC1=C(C=CC(=C1)CC=C)OC(=O)C2=CC=CC=C2,balsamic; spicy; warm,62362,62362
CC1=CC(=O)CC(C1=O)(C)C,hay; honey; tea; tobacco,62374,62374
COC(C1=CC=CC=C1)OC,almond; green; nutty; sweet,62375,62375
CCCCCC1=C(CCC1=O)C,floral; fruity; herbal; jasmine; spicy,62378,62378
CC1COC(O1)(C)C,earthy; fruity; green; musty; vegetable,62384,62384
CC1=CC=C(C=C1)C(=C)C,citrus; lemon; phenolic; pine; spicy,62385,62385
CC1(C2CCC1([C@H](C2)OC=O)C)C,camphoreous; earthy; green; pine,62387,62387
CCCC(C)S,sulfurous,62424,62424
CCCCCOC(=O)CCCC,apple; ethereal; fruity,62433,62433
CSSCC=C,garlic; onion; sulfurous,62434,62434
CCCC(=O)SC,cheesy; cocoa; fruity; milky; sweet,62444,62444
CCC(C)COC(=O)CC(C)C,apple; earthy; fruity; herbal; winey,62445,62445
CCCCCCCCC=CC=O,aldehydic; citrus; fatty; floral; green,62447,62447
C=CC1=CC=C(C=C1)O,medicinal; phenolic; spicy,62453,62453
CCC1=CC(=C(C=C1)O)OC,phenolic; smoky; spicy; vanilla,62465,62465
CCC(CC1=CC=CC=C1)C(=O)OCC,floral; fruity; green; sweet,62469,62469
CCOC(C=C)OCC,fresh; fruity; gasoline; green; pungent; sharp,62477,62477
CCC(C(=O)C)O,buttery; caramellic; creamy,62484,62484
C1CC(OC1)CCCC2=CC=CC=C2,caramellic; fruity; honey; peach; plum; sweet,62490,62490
CC1=C(SC=N1)C,chicken; green; meaty; nutty; roasted,62510,62510
CCC(=O)C(=O)CC,buttery; caramellic; nutty,62539,62539
CC(C)OC(=O)CC1=CC=CC=C1,chocolate; floral; honey; rose; sweet; winey,62553,62553
CCCCCCCCCCCC(=O)OCCCCC,fatty; oily; winey,62571,62571
CCOC(=O)CC(C)O,fresh; fruity; grape,62572,62572
CCCCCCOC(=O)C(C)(C)C,apple; fruity; green; pear,62575,62575
CC(C)CC(=O)OCCCC1=CC=CC=C1,fruity; strawberry,62578,62578
CC(C)C(=O)OCC1=CC2=C(C=C1)OCO2,berry; fruity; sweet,62580,62580
CCCCC1CCCCC(=O)O1,caramellic; coconut; fruity; milky; nutty,62583,62583
CCCCCCCOC(=O)CCC,chamomile; fresh; fruity; green; sweet; tea; tropical,62592,62592
CCCCCCCCOC(=O)C1=CC=CC=C1O,balsamic; floral,62624,62624
CC(C)C1=CC=C(C=C1)CCC=O,floral; green; sweet,62654,62654
CC(C)CC(CC1=CC=CC=C1)O,floral; herbal,62661,62661
CC(C)CC1=NC=CS1,green; leafy; tomato,62725,62725
CCC1=C(C(=O)CC1)O,caramellic; sweet,62752,62752
CC1C(=C(C(=O)O1)O)C,caramellic,62835,62835
CCCCOC(C)OCCC1=CC=CC=C1,green; vegetable,62876,62876
CC(=C)C1=NC=CN=C1,burnt; chocolate; nutty,62897,62897
CCCCC1C(CC(=O)O1)C,coconut; coumarinic; woody,62900,62900
CCCCCCCCOC(=O)C1=CC=CO1,brothy; fatty; green; metallic; mushroom; waxy,62901,62901
CCCC(C)C(=O)OCC,fruity; green; melon; pear; pineapple; waxy,62902,62902
CC(C)CC(C(=O)OC)O,berry; fruity; musty; sweet; winey,62908,62908
CC(CCC1=CC=CC=C1)C=O,earthy; floral; musty; sweet,62911,62911
CCC1CCC(O1)CC,herbal; mint; solvent; sweet,62913,62913
CC1(C2CCC1(C(C2)O)C)C,camphoreous; mint; sharp; woody,64685,64685
CC(CC1=CC2=C(C=C1)OCO2)C=O,floral; green; hay; melon,64805,64805
CCC(=O)C1=NC=CS1,nutty; savory,65288,65288
CC1=CCC(CC1)(C)C(=O)C,fresh; fruity; herbal; mint,65289,65289
CC1SCCSS1,meaty,65290,65290
CCCC(CCO)SC,green; vegetable,65413,65413
COC(=O)CCCSC,dairy; fruity; nutty; roasted; sweet; vegetable,65425,65425
CCC1CC(=C(C1=O)O)C,burnt; caramellic; malty,65427,65427
C[C@@H]1CC[C@@H]2[C@]13CC[C@@]([C@H](C3)C2(C)C)(C)O,woody,65575,65575
CC1=CC(=O)[C@@H]2C[C@H]1C2(C)C,berry; camphoreous; fruity; mint; woody,65724,65724
CCC(CC)(C(=O)OCC)C(=O)OCC,apple; fruity; pear,66165,66165
CC(C(C)OC(=O)C)OC(=O)C,honey,66193,66193
CSCC=C,garlic; onion; sulfurous,66282,66282
CCCCC(=O)OCC(C)C,apple; ethereal; fruity,66356,66356
COC1=CC=CC(=C1OC)C=O,aromatic; spicy; sweet; vanilla,66581,66581
CCOC1=CC2=C(C=C1)C(=CC(=O)O2)C,coumarinic,66595,66595
CCC(=O)OC1=C(CCC1=O)C,buttery; caramellic; nutty,66600,66600
CC1=CC2=C(C=C1)NCCC2,animal; honey; leathery; sweet,66678,66678
CCCCCCCCOC(=O)C1=CC=CC=C1,balsamic; oily,66751,66751
CCCCCCC1=CCCC1=O,fruity; hay; herbal; jasmine; sweet,66768,66768
COC(=O)CO,burnt; caramellic; ethereal,66774,66774
CCCOC(C)OCCC,alcoholic; earthy; ethereal; fresh; fruity; green; vegetable; winey,66929,66929
CCCCCCC(=O)OCCC(C)C,apple; banana; fruity; green; oily; pear; winey,66955,66955
CCCCCCCCCCCCCCCC(=O)OCC(C)C,odorless,66967,66967
CCOC1=C(C=C(C=C1)C=O)OC,sweet; vanilla; woody,67116,67116
CC1=CC(=CC=C1)OC(=O)CC2=CC=CC=C2,honey,67146,67146
CCCCC(=O)OCCC,apple; ethereal; fruity; pineapple; winey,67328,67328
C1SSCSSS1,mushroom; sulfurous,67521,67521
CC1=CC2=C(C=C1)C(CCC2)(C)C,camphoreous; woody,68057,68057
CC1=CC[C@@H](CC1)C(=C)CCC=C(C)C,balsamic; citrus; floral; sweet; tropical; woody,68128,68128
C1=COC(=O)C(=C1)O,caramellic; fruity,68130,68130
C1=CSC=C1C=O,almond; roasted,68135,68135
C=CCC1=CC=C(C=C1)O,medicinal; phenolic; smoky; spicy,68148,68148
CC1=CC(=C(C=C1)C(C)C)OC(=O)C,balsamic; herbal; smoky; spicy,68252,68252
C1OC2=C(O1)C=C(C=C2)O,phenolic; spicy,68289,68289
CC(C)OC(=O)CC(=O)C,apple; brandy; caramellic; fermented; fruity,68329,68329
CC(=CC(=O)C(C)(C)C=C)C,berry; green; herbal; honey; mint,68346,68346
CC(C)OC(=O)C1=CN=CC=C1,floral; fruity; herbal; tobacco,68379,68379
CC(=O)N1C=CC2=CC=CC=C21,balsamic; jasmine,68470,68470
CC(=O)C1=CC=CC=C1OC,earthy; medicinal; musty; phenolic; sweet,68481,68481
C1=CC=C(C=C1)C(=O)NC2=CC=CC=C2C(=O)O,fruity,68482,68482
CC(C)CN=C=S,horseradish; pungent; sweet,68960,68960
CC(C)(C)C(=O)OC,ethereal; fresh; fruity,69027,69027
CCCOC(=O)C1=CC=CC=C1O,floral; fruity; herbal; plum; sweet,69092,69092
COC1=CC=CC=C1CO,anisic; aromatic; sweet; vanilla,69154,69154
CCOC(=O)C1=CN=CC=C1,floral; fruity; herbal; tobacco,69188,69188
CC(C)CCOC(=O)C1=CC=CO1,chocolate,69203,69203
CCC(CC)S,gasoline; savory; sulfurous,69220,69220
COC1=CC=NC=C1,aromatic; smoky; spicy,69278,69278
CCCC1=CC=CC=N1,fatty; fishy; green; nutty; roasted; tobacco,69320,69320
CCCCCC(=O)CCCC(=O)O,creamy; peach,69346,69346
CCCCCCCOC(=O)CCCCCC,fatty; fermented; fruity; green; oily; winey,69350,69350
CCCCCCCC(=O)OCCC,fruity; oily; winey,69351,69351
CC(=O)CCC(=O)OC,burnt; caramellic; fruity; green,69354,69354
CC(C)CC[N+](=O)[O-],fruity,69396,69396
CC(=O)OCCCCOC(=O)C,ethereal; fruity; solvent; sweet,69410,69410
CCCCCN=C=S,horseradish; pungent; radish; vegetable,69415,69415
C1=CSC(=C1)CO,alliaceous; burnt; coffee; ethereal; fermented; savory,69467,69467
CC(C)C1=CC=CC=N1,earthy; green; vegetable,69523,69523
COC1=CC(=C(C=C1)C=O)O,aromatic,69600,69600
CCCCCCC(OCC)OCC,citrus; fresh; green; herbal; leafy; waxy; winey,69644,69644
CC(C)C1=CC=NC=C1,animal; earthy; green; herbal; sweet,69674,69674
C1CCC(CC1)CCC(=O)O,balsamic,69702,69702
CCOC(C1=CC=CC=C1)OCC,almond; aromatic; green; spicy; sweet,69884,69884
CC(C(=O)C)C(=O)C,burnt; fruity; ketonic,69949,69949
CCC(CC)C(=O)OC,apple; fruity,69951,69951
CC(C)C(=O)OCC(=C)C,ethereal; fresh; fruity; pineapple; sharp; sweet,69953,69953
CC(C)CCOC(=O)CCC(=O)OCCC(C)C,fruity; grape; winey,69956,69956
C=CCCCCO,ethereal; fatty; green,69963,69963
CCCCCCCCCCCCCCCCCCOC(=O)C,fatty; oily; waxy,69968,69968
CCCCCCCCC1=CC=CS1,fatty; oily,70153,70153
CC(=O)OC1CCCC1,apple; banana; fruity,70273,70273
CC(C)(C)C1=CC=C(C=C1)C=O,herbal; spicy; warm,70324,70324
CC(C)(CC1=CC=CC=C1)C=O,aldehydic; floral; fresh,70520,70520
CCCCCCOC(=O)CCCC,apple; fruity; green; musk; sweet,70694,70694
CC(=O)CC(=O)OCC=C,fruity; tropical,70701,70701
CC(C)C(=O)OC1CCCCC1,apple; banana; fruity; sweet,70792,70792
CCCCCCC1=CC=CC=N1,fatty; green; nutty; vegetable,70797,70797
CC1=C(C(=O)CC1)OC(=O)C,caramellic; fruity,70960,70960
CC1=CC=C(O1)C(=O)C(=O)C,burnt; caramellic,70968,70968
CC(C)COC(CC1=CC=CC=C1)OCC(C)C,floral; green; sweet,71544,71544
CCOC1=CC=C(C=C1)C(=O)C,anisic; aromatic; floral; hay; sharp,72872,72872
C[C@]12CCCC(C1CC[C@@]([C@@H]2CC[C@](C)(C=C)O)(C)O)(C)C,odorless,73114,73114
COCC1=CC=C(C=C1)OC,anisic; floral; vanilla,73689,73689
CCC1=CC=C(C=C1)OC,anisic; nutty; phenolic; tobacco,73690,73690
CC(=O)SC,cabbage; popcorn; vegetable,73750,73750
CCCC1=CC=CS1,burnt; fatty; gasoline,73771,73771
CCCCC(=O)OC1CCCCC1,animal; fruity; herbal,73772,73772
CCCCC1=CC=CS1,roasted,73818,73818
CCOC1=CC=C(C=C1)C,pungent; sweet,73955,73955
CCCCCOC(=O)C1=CC=CO1,caramellic; fermented; fruity; herbal; sweet; winey,74008,74008
CC(=O)OCCCC=C,fruity; green,74096,74096
CCCCCC(OC)OC,apple; green; leafy; musty; sweet,74137,74137
CCC=C(C)C(=O)OCC,ethereal; fruity; green; pineapple,74174,74174
COC1=CC=CC=N1,burnt; phenolic; smoky,74201,74201
CCCC(C)(C)S,meaty; roasted; sulfurous; vegetable,74213,74213
CCOC1(CCCCC1)OCC,alcoholic; aromatic; ethereal; fermented; fruity; rum,74279,74279
CCC1=CC=C(O1)C,burnt; ethereal; fresh; gasoline,74346,74346
CC1=CC=C(C=C1)OC2=CC=CC=C2,green; metallic; rose,74351,74351
CCCCCCC1OCC(CO1)O,earthy; herbal; musty,74361,74361
CCCOC(=O)CC(=O)C,apple; brandy; caramellic; fermented; fruity,74507,74507
CCC(=O)S,sulfurous,74690,74690
CCOC(=O)CCC=C,ethereal; fruity,74786,74786
CCCCC(=O)OCCC(C)C,apple; apricot; banana; fatty; fermented; fruity; herbal,74901,74901
CCOC1=CC=CC=C1OCC,anisic; sweet; vanilla,74904,74904
CC(C)CCSSCCC(C)C,alliaceous; green; meaty; savory; sulfurous; vegetable,74915,74915
CC(C)(C(=O)OC)O,caramellic; fruity; nutty,75024,75024
C1=CC=C(C=C1)OCC=O,aldehydic; floral; fresh; green; sweet; woody,75033,75033
COC1=CC=C(C=C1)C(OC)OC,anisic; floral; green; spicy,75140,75140
CC1=CC=C(C=C1)COC(=O)C,anisic; cherry; floral; fruity; sweet,75187,75187
CCCCCCCCCCCCCCCC(=O)OCCC,odorless,75232,75232
CC(C)N=C=S,horseradish; pungent,75263,75263
CCCCCCCCCCOC(=O)CCCCCCC,citrus; floral; fruity; oily; winey,75319,75319
CCCCCCCCCC(=O)OCCC(C)C,banana; cognac; fruity; green; oily; waxy; winey,75320,75320
CCCCCCCCCC(=O)OCCCCCCCC,fatty; fruity; oily,75321,75321
CCCCCCCCCCCCC(=O)C,milky; oily; spicy,75364,75364
C[C@H](CCC=C(C)C)CC=O,citrus; fresh; green; lemon; woody,75427,75427
CCOC(C1=CC=C(C=C1)OC)OCC,anisic; floral; herbal; spicy; sweet,75468,75468
CCOC(C1=CC=C(C=C1)C)OCC,almond; cherry; floral; herbal; sweet,75469,75469
C1CCC(CC1)OC(=O)C2=CC=CC=C2,balsamic; floral; fruity; herbal,75486,75486
CCC(=O)SCC,cheesy; green; sulfurous; tropical; vegetable,75513,75513
C=CCSSSSCC=C,alliaceous; garlic; onion; roasted; savory; sulfurous,75552,75552
CCCCCOC(=O)C(C)C,apple; apricot; fruity; pineapple,75554,75554
CC1=C(C=CS1)S,meaty; roasted,75664,75664
CCCCCCCCCOC(=O)CCC,fruity; herbal; orange; rose; sweet,75836,75836
CC1=NC=CN=C1SC,burnt; hazelnut; meaty; nutty; roasted,76152,76152
CC1=CN=C(C=N1)OC,hazelnut; nutty; roasted,76153,76153
CCC(CC)C(=O)OCC,apple; buttery; fruity,76326,76326
CCC(=O)C1=CC=CO1,fruity; sweet,76662,76662
CC1=CC(=CC(=C1)OC)O,phenolic; sweet,76674,76674
C1=CC=C(C=C1)CCCCO,herbal; honey; rose; sweet,76889,76889
C=CCCN=C=S,green; horseradish; pungent,76922,76922
CC(=O)OC(C)(C)C1=CC=CC=C1,floral; fruity,76963,76963
CC1=NC=CS1,green; vegetable,77129,77129
CCSSSCC,alliaceous; garlic; onion; savory,77151,77151
C1CCCCCCC(=O)CCCCCC1,musk,77153,77153
CCCCC(OCC)OCC,apple; cognac; ethereal; fruity; green,77223,77223
CCCCCC(OCC)OCC,apple; cognac; floral; fresh; fruity; green; herbal,77224,77224
CCCC(OCC)OCC,ethereal; fermented; fruity; green,77225,77225
CCCCCCCCCCCC(=O)OCCC,cognac; creamy; dairy; floral; fruity; waxy,77255,77255
CCCCCCCCSC,fruity; green; onion; pineapple; sulfurous; tropical,77289,77289
CC(C)COC(=O)CCC(=O)C,caramellic; fruity; herbal; oily,77366,77366
CCOC(=O)COC,fruity; solvent,77544,77544
CC1=CC=CC=C1SSC2=CC=CC=C2C,burnt; meaty; roasted; sulfurous,77652,77652
CSCCCN,cheesy; fishy; potato; ripe; sulfurous; vegetable,77743,77743
C(C=O)S,bread; brothy; meaty; sulfurous; tomato,77775,77775
CC1=CN=C(S1)C,cabbage; earthy; meaty; nutty; roasted,77837,77837
C=CC1=NC=CN=C1,burnt; green,77840,77840
CCCCCCCCC1=CC=CO1,fatty; oily,77845,77845
CCCC1=CC=CO1,alliaceous; buttery; ethereal; green,77907,77907
CC(C)SSC(C)C,alliaceous; burnt; garlic; meaty; onion; sulfurous; tropical,77932,77932
CCCCCCN=C=S,green; horseradish; pungent,78120,78120
C1=CC=C(C=C1)CCS,roasted; sulfurous; tropical,78126,78126
CCC(C)N=C=S,horseradish; pungent,78151,78151
CSCCCCN=C=S,cabbage; pungent; radish,78160,78160
CCOC(=O)CSC,fruity; green; onion; radish; sulfurous; tropical,78199,78199
CCCCCC(=O)CCC,fruity; grassy; green; herbal; oily,78236,78236
CCCCCC=CC=CC(=O)OC,fatty; fruity; pear; waxy,78245,78245
CC1=CC=C(C=C1)CS,burnt; garlic; savory; sulfurous,78252,78252
CCCC1=CN=CC=C1,burnt; musty; sweet; woody,78405,78405
CC1=CC(=C(C(=C1C(=O)OC)O)C)O,earthy; woody,78435,78435
CCCCCCOC,banana; floral; green; herbal; pear; sweet,78484,78484
CCCCC1=CC=CC=N1,green; sweet,78750,78750
CCOC1=CC=C(C=C1)OC,nutty; phenolic; sweet; tobacco,78760,78760
CC(=C)CCOC(=O)C,banana; green; tropical,78879,78879
CSCCO,sulfurous; tomato; vegetable,78925,78925
CCCCC(=O)OC1CC(CCC1C(C)C)C,balsamic; fruity; herbal; mint; sweet,78941,78941
CC1=C(C(=O)C(CC1)C(C)C)O,camphoreous; herbal; mint,79023,79023
CC1(C2CC3C1(C3C2)C)C,fresh; woody,79035,79035
CCC(C)OC=O,fresh; fruity; rum,79049,79049
CCC(C(=O)C)C(=O)OCC,apple; caramellic; fruity; sweet,79065,79065
CC(C)CCN=C=S,cabbage; horseradish; pungent,79086,79086
CC1=CSC=C1C,onion,79089,79089
COC1CCC(O1)OC,ethereal,79098,79098
CCCCOC(C)OCCCC,alcoholic; apple; fruity; green; rum; winey,79117,79117
C(CCS)CS,burnt; meaty; sulfurous,79148,79148
CCCCCCCCC(=O)OCCCCCCCC,citrus; earthy; floral; fruity; oily,79187,79187
CCCCOC(=O)C1=CC(=C(C=C1)O)OC,balsamic; floral; sweet,79298,79298
COCC1=CC=C(C=C1)O,earthy; green; medicinal; phenolic; sweet,79310,79310
COC1=CC=C(C=C1)CCCO,aromatic; cinnamon; floral; spicy,79406,79406
CC1(COC(OC1)(C)C2=CC=CC=C2)C,camphoreous; sweet; woody,79409,79409
CC(C)COC(=O)CCCCCCCCC=C,brandy; buttery; fatty; fruity; herbal; waxy; winey,79457,79457
CC(C)COC(=O)COC1=CC=CC=C1,herbal; honey; sweet,79487,79487
CCCCCCCCCCOC=O,floral; fresh; fruity,79541,79541
CCCCCCCOC(=O)CCCC,fruity; oily; winey,79544,79544
CCCCC(=O)OCCCC1=CC=CC=C1,balsamic; fruity; spicy; sweet,79546,79546
CCCCCCC(=O)OCCC1=CC=CC=C1,citrus; earthy; herbal; oily; orange; winey,79552,79552
CCCCCCCCCCOC(=O)C(C)C,herbal; oily,79555,79555
CCCCCCCCCCCOC(=O)CCC,fatty; fruity; oily,79581,79581
CCCCCCCC(=O)OCC(C)C,fatty; fruity; oily; winey,79582,79582
CCC(=O)C1=CC(=C(C(=C1)OC)O)OC,balsamic; floral; fruity; sweet; vanilla,79735,79735
COC1=CC=CC(=C1OC)CO,anisic; aromatic; fruity; sweet; vanilla,79738,79738
CC(C)COC(C)OCC(C)C,alcoholic; ethereal; fermented; green,79753,79753
COC1=CC=C(C=C1)CC=O,floral; green; spicy; sweet,79782,79782
C1CC=NC1,buttery; cheesy; fishy; meaty,79803,79803
CCCCOC1=CC=C(C=C1)C=O,anisic; floral; herbal; sweet,79813,79813
CSSSSC,garlic; meaty; onion; pungent; savory; sulfurous,79828,79828
CC1=C(SC=C1)C=O,beefy; savory; sweet,79911,79911
CCCCCC(C)OC(=O)C,banana; fruity; green; melon; pear,80018,80018
CSC(=O)C1=CC=CC=C1,cheesy; fermented; fruity; milky; sulfurous,80024,80024
CC(C)SSSC(C)C,alliaceous; garlic; green; onion; sulfurous,80046,80046
CC(C)CSSCC(C)C,alliaceous; green; meaty; savory; sulfurous; vegetable,80284,80284
CCOC1=CC=C(C=C1)CO,anisic; aromatic; sweet; vanilla,80345,80345
CC(=O)OC1CCCCCCCCCCC1,fatty; fruity; woody,80353,80353
CCCCCCCCCCCCOC(=O)CC,fruity; winey,80354,80354
CCCCCC(=O)OC1CCCCC1,fruity; metallic; pineapple; winey,80388,80388
C1=CSC(=C1)CS,coffee; meaty; sulfurous,80408,80408
CC(C)C(=O)OCC1=CC=CO1,fruity,80454,80454
CCOCC1=CC=CO1,buttery; ethereal; fermented; spicy; sweet,80455,80455
CCOC(CC1=CC=CC=C1)OCC,floral; green; leafy; sweet,80584,80584
CCCCC(=O)OCC=C,apple; fermented; fruity; pineapple; winey,80606,80606
CC1=C(C=C(C=C1)C(C)C)OC,green; herbal; phenolic; spicy,80790,80790
CC1=C(C=C(C=C1)C(C)C)OC(=O)C,fruity; herbal; spicy,80792,80792
CCCCCOCC1=CC=CC=C1,floral; fruity; green; herbal,80800,80800
CCOC(=O)CC1(OCCO1)C,apple; fruity; pine; sweet; woody,80865,80865
CCCCCCCCC(=O)OCC1=CC=CC=C1,balsamic; fatty; floral; fresh; sweet,80960,80960
CCCCCCCCC(=O)OCCC,fermented; fruity; melon; winey,81006,81006
CCCCCCCCC(=O)OCCCCCC,cognac; green; nutty; oily; winey,81045,81045
CCCCCC(=O)OCC1=CC=C(C=C1)OC,apricot; fruity; sweet,81102,81102
CC1=CC(=C(C=C1)OC)C,earthy; herbal; nutty; spicy,81221,81221
C[C@@H](CCCC(=C)C)CCO,citrus; floral; rose; sweet; waxy,81263,81263
CC(=O)CCC(=O)OCC1=CC=CC=C1,caramellic; fruity; sweet,81359,81359
CCCCCCCOC(=O)CCCCC,fruity; green; leafy; oily; sweet; tropical; vegetable,81464,81464
CCOC(=O)C1=CC=CC=C1OC,floral; fruity; grape; sweet,81784,81784
CCCCCCCC=CC(=O)OC,fruity; green; pear; tropical; waxy,81834,81834
CCCC(=O)OCCCC1=CC=CC=C1,balsamic; fruity; sweet,81894,81894
CC(=O)CC(C)(C)C1=CC=CC=C1,floral; woody,81898,81898
CCCCC(=O)OCCC1=CC=CC=C1,apple; floral; fruity; pineapple; rose; tobacco,81964,81964
C1=CSC=C1S,meaty; sulfurous,82202,82202
C[C@@]12CC[C@@H](C1)C(C2=O)(C)C,camphoreous; pine; sweet,82229,82229
CN(C)C1=CC=CC=C1C(=O)OC,grape,82336,82336
C1=CC=C(C=C1)CCOC(=O)CCO,ethereal; fruity; sweet,82397,82397
CC(C)CC(CC(C)C)OC(=O)C,floral; herbal,82493,82493
CCCCCCCC(=O)OCC1=CC=CC=C1,fatty; floral; fruity; peach,82511,82511
CCCCC(=O)OCC1=CC=CC=C1,apple; fruity; musk; tobacco,82584,82584
CCC(=O)OC1CCC(CC1)C(C)(C)C,fruity; woody,82610,82610
CCCCC(=O)OC1=CC=C(C=C1)C,animal; floral; musk,82613,82613
CCCCCCCCCC(=O)OCCCCCC,fatty; fruity; green; herbal; oily; winey,82635,82635
CCOC(=O)CCCCCCCCCCC(=O)OCC,odorless,82650,82650
CCCCOC1=CC2=CC=CC=C2C=C1,floral; fruity; strawberry; sweet,82664,82664
CCC(=O)C1=CC=C(O1)C,green; hay; hazelnut; nutty,82757,82757
CCCCCOC(C)OCCCCC,alcoholic; cocoa; cognac; ethereal; green; vegetable,83035,83035
CC(C)CCOC(C)OCCC(C)C,alcoholic; ethereal; fermented; green; vegetable,83036,83036
CC(C)COC(=O)C(=O)C,caramellic; ethereal; fruity; sweet,83084,83084
CC(C)CCCC(C)(C)O,citrus; floral; fresh,83268,83268
CC(C)CC(OCC(C)C)OCC(C)C,alcoholic; cocoa; fermented; green; malty,83453,83453
CCOCCOCCC(C)C,alcoholic; cognac; ethereal; green; nutty; pungent,83466,83466
CCOC(C1=CC=CO1)OCC,aromatic; bread; burnt; fruity,83553,83553
CC1=C(SC=C1)C(=O)C,honey; nutty; sweet,83653,83653
CC1=CC=C(S1)C(=O)C,almond; cherry; coumarinic; nutty; sweet; vanilla,83655,83655
CCCC=CC(=O)CC,fresh; herbal; ketonic,84216,84216
CSSC1=CC=CC=C1,onion; pungent; radish; sulfurous; vegetable,84234,84234
CCCCCCCCCCCCCC(=O)OCCC,fatty; oily; waxy,84338,84338
CCCC(=O)OC1=CC=C(C=C1)C,aromatic; floral; fruity; medicinal,84556,84556
CCCCCCCCCCCC(OC)OC,apple; citrus; fatty; fresh; green; melon,84559,84559
CC1=C(OC=C1)CC=C(C)C,citrus; lemon,84825,84825
CCC1=NC=CS1,green; leafy; nutty; tomato; vegetable,85053,85053
CC(C)C(=O)OCC=C,apple; apricot; fresh; fruity; green; tropical,85071,85071
CCC1=CN=C(S1)CC,meaty; musty; nutty,85073,85073
CCCC1=NC=CN=C1C,cocoa; earthy; musty; nutty,85224,85224
CCCCCCCCOC(=O)CC(=O)C,caramellic; fermented; fruity; oily; waxy,85418,85418
CC(=O)OCCCSC,green; herbal; mushroom,85519,85519
CCCC(=O)OCCCSC,cheesy; fruity; mushroom; pineapple; savory; sulfurous; tropical,85520,85520
CCOC(CCSC)OCC,cheesy; potato; sulfurous,85521,85521
COC(=O)CSC,cheesy; fruity; meaty; savory; sulfurous; tropical; vegetable,85522,85522
CC1C(=O)C=C(O1)C,bread; burnt; buttery; caramellic; coffee; roasted; sweet,85730,85730
CC1=CCC(CC1)C(C)(C)OC,citrus; earthy; floral; grapefruit; spicy; woody,85755,85755
CCOC(C(C)C1=CC=CC=C1)OCC,earthy; floral; green; musty,85826,85826
CCCCCC(=O)OCC(CC)CCCC,fruity; herbal,85994,85994
CC(CC(=O)O)SC,cheesy; fruity; ripe; sulfurous; tropical,86043,86043
CCCCCC(C)C=O,fresh; fruity; green; orange; sweet,86044,86044
CCC1(CC(=O)C(=C(C1C)C)C)C,caramellic; creamy; fruity; nutty,86558,86558
CCCCCCC=CC(=O)OCC,fatty; green; pear,86573,86573
CCC(=O)OC1CC2CC1C3C2C=CC3,fresh; herbal,86579,86579
CC1C2CC(C1=O)CC2(C)C,camphoreous; herbal; pine,86707,86707
CC1COC(O1)CC(C)C,cocoa; creamy; dairy; ethereal; fermented; fruity; malty,86733,86733
CCC(C)OC(=O)C(C)O,buttery; caramellic; dairy; fruity; sweet,86741,86741
CCC(C)(CCC=C(C)C)O,citrus; floral,86749,86749
CCC(C)CCCC(C)(C)O,citrus; floral,86751,86751
CC1=CCC(CC1)C(C)CO,fruity; herbal,86753,86753
CCC(C)CC(CC)O,alcoholic; fermented; floral; fruity; oily,86782,86782
CCC(CCC(C)C)O,floral; oily,86783,86783
CCCCCC1COCCC1OC(=O)C,floral; herbal; jasmine; sweet; tea,86799,86799
COC(=O)C1C(O1)C2=CC=CC=C2,berry; fruity; sweet,86834,86834
CC(C)CCOC(=O)C(C)O,caramellic; fruity; oily; winey,86851,86851
CC1=CC(=CC=C1)COC(=O)C,cherry; fruity; sweet,87083,87083
CC1=CC=CC=C1COC(=O)C,cherry; floral; fruity; sweet,87085,87085
CCOC1=CC=CC=C1OC,creamy; earthy; nutty; phenolic; sweet; vanilla,87170,87170
CCCC1=NC=CS1,green; herbal; nutty; vegetable,87198,87198
C=CCCCN=C=S,green; pungent,87436,87436
CCCC1=NC=CN=C1,green; nutty,87466,87466
CCCCC(=O)OC(C)C,apple; brandy; ethereal; fruity; winey,87598,87598
CCCCCCCC=CCO,citrus; fatty; floral; rose; waxy,87630,87630
CCSCCCO,potato; sulfurous; vegetable,87762,87762
CCCCCCC1=CC=CS1,green; metallic; mushroom; savory; sulfurous; tropical,87793,87793
CCCCCCCCC(OC)OC,citrus; floral; fresh; green; melon; vegetable,87813,87813
CCC=CCCC(=O)C,earthy; fatty; green; herbal,87927,87927
CC(CCC=C(C)C)OC(=O)C,earthy; floral; fruity; green,87947,87947
CC(=O)CC(C)(C)S,black currant; catty; fruity; meaty; savory; tropical,88290,88290
CC1=CCCC(C1=O)(C)C,camphoreous; herbal; sharp; tobacco,88332,88332
CCC(=O)C(OCC)OCC,buttery; ethereal; fruity,88362,88362
CCCCCOC(=O)CCC(=O)C,caramellic; fruity; oily; winey,88453,88453
CCCCCCOC(=O)CC,earthy; fermented; fruity; sour,88454,88454
CCC(=O)OC(C)(C)C,brandy; fruity; rum,88561,88561
CCC(=O)OCC(=C)C,brandy; ethereal; fruity; rum; sharp; sweet,88667,88667
CC(C)OC(=O)CCC(=O)C,banana; fruity; melon; sweet,89084,89084
CCCCCC(CC)OC(=O)CCC,fruity; herbal,89307,89307
CC(C)C1=CC(C(CC1)(C)C=C)C(=C)C,balsamic; spicy; woody,89316,89316
CCCC(CC(=O)OC)OC(=O)C,fruity; green,89463,89463
CCCC(CC(=O)OCC)OC(=O)C,fruity; green,89464,89464
CCCCCC1C=CC(=O)O1,coconut; coumarinic; fatty; hay,89559,89559
CCCCCCC(C=C)O,earthy; mushroom; oily; sweet,89560,89560
CC(=O)CC(=O)OCCOC,fermented; fruity; sweet,89734,89734
CCCC(=O)OCCOC1=CC=CC=C1,floral; fruity; honey,90136,90136
CC(OCC1=CC=CC=C1)OCC2=CC=CC=C2,fruity; green; sweet,90160,90160
CCC(=O)C1=C(C=CO1)C,caramellic; coumarinic; hay; nutty; roasted,90245,90245
CC(C)CC(=O)SC,cheesy; creamy; dairy; fermented; vegetable,90246,90246
C1=CC=C(C=C1)CCCOC(=O)C2=CC=CC=C2O,balsamic; floral; sweet,90607,90607
CCCCCC(CCO)O,musty,90927,90927
CC(CC(=O)O)CC(C)(C)C,sour,90960,90960
CCOC(=O)C(C)SSC,fruity; green; onion; pineapple; sulfurous; tropical,90972,90972
CC1(C2CCC(C1C2)(C)S)C,fruity; green; sulfurous; tropical,90984,90984
CCCCCC(C(=O)C)C(=O)OCC,floral; fruity; green; herbal; winey,91162,91162
CCCCCCCCC(C(=O)C)C(=O)OCC,floral; fruity; herbal; waxy,91163,91163
CCCCCCCCCCCCCC(=O)OCC(C)C,fatty; waxy,91361,91361
CC(=O)C1CCCC(C1)(C)C,camphoreous; herbal; mint; woody,91388,91388
CCOC(C)OC(C)C,alcoholic; cognac; ethereal; green; nutty; pungent,91409,91409
CC(=C)C1CCC2(C(C1)O2)C,citrus; fruity; herbal; sweet,91496,91496
CC1(C2CC1C3(C(C2)O3)C)C,fresh; pine; sweet,91508,91508
CC(C)(CCCC1=CCC(CC1)C=O)O,aldehydic; floral; woody,91604,91604
CCC(C)C(=O)OCC1=CC=CC=C1,apple; fruity; tropical,91849,91849
CCCCCCCOC(=O)CC(C)C,fruity; green; herbal,91850,91850
CC(C)CCOCCC1=CC=CC=C1,green; sweet; tropical,91978,91978
CC(=CCC(C)(C=C)C=O)C,citrus; fruity,92018,92018
CCC=CC=CC=CC=O,sweet,92083,92083
CC(=C)[C@@H]1C[C@@H](CC[C@@]1(C)C=C)C(C)(C)O,floral; green; sweet; woody,92138,92138
CCC1OCC(O1)C,ethereal; fruity; green; pungent,92210,92210
CC(C)CC(=O)OC(C)C1=CC=CC=C1,floral; fruity; herbal; jasmine,92595,92595
CCCCC(CC)COC(=O)CCS,fruity; savory; sulfurous; tropical,92640,92640
CC(C)CC(C(=O)O)O,cheesy; dairy; fruity; milky,92779,92779
CC(C)C1CCC(=O)C=C1,fresh; herbal; ketonic; mint; woody,92780,92780
CC(C)COC(=O)C(C)O,buttery; caramellic; fruity,92814,92814
CCCOC(=O)C(C)O,caramellic; milky; sweet,92821,92821
CC(=O)OC[C@H]([C@H]([C@@H]([C@H](C=O)OC(=O)C)OC(=O)C)OC(=O)C)OC(=O)C,odorless,92972,92972
CC(=O)O[C@@H]1C[C@@H]2CC[C@]1(C2(C)C)C,balsamic; herbal; pine; sweet,93009,93009
CC1(C2CCC3(C1C2)CO3)C,camphoreous; herbal,93046,93046
C[C@@H]1CC[C@H]([C@H]2[C@]13[C@@H]2C(=C)CC3)C(C)C,citrus; fruity; green; herbal; woody,93081,93081
CCC1=C(C(=O)C(O1)C)O,bread; caramellic; fruity; sweet,93111,93111
CC(=CCCC1=CCC(CC1)C=O)C,aldehydic; citrus; floral,93199,93199
CSCSSC,burnt; cabbage; garlic; onion; sulfurous,93236,93236
CC1C=C(CCC1C=O)C,citrus; floral; green; leafy,93375,93375
COC1=C(C=CC(=C1)CC=C)OCC2=CC=CC=C2,hay; spicy; warm,93649,93649
CCCCCC=CC(=O)OCCCC,fatty; fruity; sweet; tropical,93661,93661
CCCC1C=CC(=O)O1,buttery; coconut; hay; nutty; sweet,93769,93769
CCOCC1=CC=C(C=C1)O,animal; aromatic; floral; phenolic; sweet,93781,93781
CCCCCCCCCC(=O)OCC=C,fruity; pineapple; sweet; winey,93831,93831
CC1CCC2(O1)C(CCCC2(C)OC(=O)C)(C)C,floral; fruity; woody,93838,93838
CCCCCC1CC1C(=O)O,animal; leathery,93869,93869
CCCCCCCCC(=O)OCCC1=CC=CC=C1,herbal; oily; rose; sweet; waxy,93896,93896
CC1COC(O1)C2=CC=C(C=C2)C,almond; aromatic; cherry,94001,94001
CCCC(=O)OC1CC2(CC[C@@H]1C2(C)C)C,fruity; herbal; pine; warm; woody,94077,94077
CC1=CCCC(C1C=O)(C)C,citrus; floral; grassy; hay; herbal,94143,94143
CC(=CCCC1(C2CC3C1(C3C2)C)C)C,sweet; woody,94164,94164
C[C@@H]1CC[C@H]2[C@@H]1C3[C@H](C3(C)C)CC[C@]2(C)O,floral; green; sweet; woody,94174,94174
CC(COC(=O)C)O,ethereal; fruity,94182,94182
CC[C@H](C)[C@H](C(=O)O)N,odorless,94206,94206
CC(=C)C1CCC(C(C1)O)(C)O,grapefruit,94217,94217
CCCCCCCC=CC(=O)O,fatty; green; milky; waxy,94282,94282
CC(CO)C=C,fermented; fresh; fruity; herbal,94292,94292
CCCCC(CC)COC(=O)C1=CC=CC=C1,balsamic; ethereal,94310,94310
CCCCCCCC(=O)OCC(C)OC(=O)CCCCCCC,cognac; fatty; fruity; oily,94339,94339
CC1CCC2=C(C(=O)OC2C1)C,coconut; coumarinic; sweet,94349,94349
CCCCCCCC(=O)CCC1=CC(=C(C=C1)O)OC,spicy,94378,94378
C[C@@H](C(=O)OC)O,buttery; caramellic; ethereal; milky; rum,94386,94386
CCCCCCCCCCCC(=O)OCCCCCC,creamy; fatty; oily; waxy,94454,94454
C[C@@H]1CC[C@H]([C@@H](C1)OC(=O)C)C(=C)C,fruity; green; mint,94579,94579
CC1=CC(=C(C=C1)COC(=O)C)C,floral; fresh; fruity; sweet,94602,94602
CCCC(=O)OC(C)C1CCCCC1,fruity; sweet,94608,94608
CCCCCCC1OC(C(O1)C)C,dairy; fruity; green; milky,94886,94886
CCCCOC(=O)COC(=O)CCC,caramellic; creamy; dairy; fatty; fruity,95007,95007
CCCOC(=O)C1=CC=CC=C1N,grape; winey,95016,95016
COC1=CC(=CC(=C1O)C2=C(C(=CC(=C2)C=O)OC)O)C=O,creamy; milky,95086,95086
CCOC(C1=CC2=C(C=C1)OCO2)OCC,floral; spicy; sweet,95136,95136
CC1CC(OC(O1)CC2=CC=CC=C2)(C)C,balsamic; floral; green,95266,95266
CC1OCC(O1)CO,ethereal; fruity; green,95269,95269
CCCC(C)CC(=O)O,cheesy; fruity; sour,95315,95315
CCCCOC(=O)CC(C(=O)OCCCC)O,fatty; fermented; fruity; oily,95385,95385
CCOC(=O)CC1(OCC(O1)C)C,apple; fresh; fruity; strawberry; sweet,95392,95392
C1CC(OC1)COC(=O)CC2=CC=CC=C2,chocolate; fruity; honey; sweet,95395,95395
CCCCCCCCCC1OCC(O1)C,citrus; floral; fruity; green,95397,95397
CCCCC(CC)COC(=O)CC,fatty; fruity; oily,95425,95425
CCCCC(C(=O)C)C(=O)OCC,floral; fruity; green; herbal; winey,95466,95466
CC(C)CCCC(C)CCCC(=O)C,fatty; floral; fruity; hay; sweet; woody,95495,95495
CCCCOC(=O)C(C)CCC,chamomile; fruity; herbal,95539,95539
CCCCCOC(=O)C(C)CCC,fatty; floral; fruity; pear,95540,95540
CCCCC(CC)COC=O,fruity,95568,95568
CCCCCCCCC1OCC(O1)C,citrus; floral; fresh; fruity; green,95572,95572
CC1=CC=C(C=C1)CC(C)C=O,almond; balsamic; cherry; citrus; floral; fruity; green; melon; sweet,95594,95594
CCC(C(=O)CC)O,buttery; caramellic; dairy,95609,95609
CC1COC(O1)CC2=CC=CC=C2,floral; fresh; green; rose; sweet,95633,95633
CC1CC=C(CC1C=O)C,aldehydic; citrus; green; herbal,95644,95644
CCCCCCCCCCCCCC(=O)OCCC(C)C,fatty; waxy,95950,95950
CCCCCOC(=O)CC(C)C,apple; banana; chocolate; fruity,95978,95978
COC(CCC1=CC=CC=C1)OC,earthy; floral; fruity; green,95979,95979
CCCCCCCCCC=CC(=O)O,dairy; fatty; green; milky,96204,96204
C1CCC(CC1)OC(=O)CC2=CC=CC=C2,aromatic; fruity; honey; sweet,96325,96325
CC1COC(O1)C2=CC=CO2,almond; aromatic; fresh; fruity; sweet,96461,96461
CCCCCC1C(CC(=O)O1)C,buttery; coconut,97707,97707
CCCCCCC=CC(=O)O,dairy; fatty; fruity; green; waxy,97730,97730
CCCCCCCCCCCCC1CCC(=O)O1,creamy; fatty; waxy,97747,97747
CC(C1OCCO1)C2=CC=CC=C2,earthy; floral; green; mushroom,97785,97785
CCCCCC(C)OC(=O)CCCCC,fruity; green; sweet; tropical,97881,97881
CCC(C)COC(=O)C(C)C,fruity,97883,97883
CCOC(C)OC(=O)C,ethereal; fresh; fruity; winey,97895,97895
CCCCCCC(C)OC(=O)C,floral; fruity; herbal; waxy,97987,97987
CC(COC(=O)CC1=CC=CC=C1)O,balsamic; honey,98004,98004
CC(C(=O)OCC1=CC=CC=C1)O,caramellic; dairy; fruity; sweet,98054,98054
CC1COC(O1)C2=CC=C(C=C2)OC,anisic; floral; herbal; sweet,98081,98081
CCC1(OCC(O1)C)C,ethereal; fruity; mint,98083,98083
CC(CCCC(C)(C)O)CC=NC1=CC=CC=C1C(=O)OC,floral,98118,98118
CCCC1OCC(O1)C,ethereal; fermented; fruity; green,98218,98218
C=CCSCC(C(=O)O)N,alliaceous; garlic,98280,98280
CC1CCOC1=O,coconut; coumarinic; hay,98323,98323
C1C(SCC(S1)O)O,bread; brothy; meaty; sulfurous; tomato,98330,98330
CC(CCCC(C)C=O)CCC=C(C)C,aldehydic; floral; fresh; rose,98403,98403
CC1COC(O1)C(C)C,cocoa; ethereal; fermented; fruity; green; malty; winey,98461,98461
CC(=O)C1CCCC1=O,burnt; caramellic; fruity; ketonic,98471,98471
CC(=O)OC1CC2CC1C3C2CC=C3,anisic; green; sweet; woody,98478,98478
CCCCCOC(=O)CC1=CC=CC=C1,apple; balsamic; fruity; honey; sweet,98492,98492
CCCSCC=C,alliaceous; garlic; onion; sulfurous,98781,98781
C1=CC=C(C=C1)C(=O)C(O)O,aromatic; earthy; fatty; green; nutty; spicy; vegetable,99611,99611
CCOC(=O)C(C)C1=CC=CC=C1,balsamic; floral; fruity; honey; sweet,99643,99643
CC(=C)C1CC2C(O2)(C(=O)C1)C,mint,100031,100031
CCCOC1=NC(=CN=C1)C,earthy; green; vegetable; woody,100240,100240
CCCCCOC(=O)C1=CC=CC=C1N,berry; floral; fruity; grape; sweet,100495,100495
CC(C(=O)O)SC,cheesy; fruity; green; sulfurous; tropical,100851,100851
CC1COC(O1)CCSC,cheesy; potato; sulfurous,100927,100927
C1CCCCCC(CCCCC1)OC=O,camphoreous; floral; fruity; woody,100936,100936
CC(C)C1=CC=C(C=C1)COC(=O)C,fresh; fruity; herbal; sweet,100990,100990
CC1=NC=CN=C1SCC2=CC=CO2,caramellic; coffee; meaty; nutty; roasted,101003,101003
CC1=CN=C(C=N1)SCC2=CC=CO2,coffee; meaty; roasted,101004,101004
CC1=CN=CC(=N1)SCC2=CC=CO2,coffee; meaty; roasted,101005,101005
CCCC1CCOC(S1)C,black currant; fruity; green; sulfurous; tropical,101010,101010
CC(C)C(=O)OC(C)(C)CC1=CC=CC=C1,aromatic; floral; fresh; fruity,101023,101023
CCCCC(=O)OCC(C)O,fruity; sweet,101080,101080
CC1(CCCC(C1=O)(C)O)C,tea; tobacco,101115,101115
CC1COC(O1)C2=CC3=C(C=C2)OCO3,aromatic; floral; sweet,101144,101144
CCCCCOC(=O)C(C)O,caramellic; fruity; milky,101145,101145
C1OC2=C(O1)C=C(C=C2)COC=O,cherry; floral; sweet,101285,101285
C1CCC(CC1)OC(=O)C2=CC=CC=C2O,aromatic; balsamic; floral,101330,101330
CCCCCCCCCCCC(=O)OCC(C)C,fatty; oily; winey,101338,101338
CCCCCCCCCC(OCC)OCC,citrus; ethereal; fatty; fresh; fruity; herbal; oily; rum; waxy,101363,101363
CCCCCCCC(OCC)OCC,citrus; floral; green; orange,101364,101364
CCOC(=O)C1=CC=CC=C1NC,grape,101365,101365
CCC(C)(C(=O)OCC)O,caramellic; fruity; grape; nutty,101536,101536
CC1CC(C=C(C2C1CC(=C(C)C)C2)C)O,balsamic; earthy,101549,101549
CC(OCCC1=CC=CC=C1)OCCC2=CC=CC=C2,balsamic; floral; leafy; rose; warm,101592,101592
CC(=O)OCCC1=CCC2CC1C2(C)C,floral; fruity; sweet; woody,101604,101604
C[C@H](CCC=C(C)C)CCO,rose,101977,101977
CC1=CC[C@H](C[C@H]1OC(=O)C)C(=C)C,fruity; green; herbal; sour; sweet,102024,102024
CCCCC(CC)C(=O)OC,fatty; fruity; herbal; orris; woody,102491,102491
CCCCCCC(C)CO,fruity; oily; waxy,102495,102495
CC(CCC=C(C)C)CC(OC)OC,citrus; floral; herbal,102507,102507
CCCCC(C)C=O,aldehydic; cheesy; fatty; fruity,102515,102515
CC1(CCC(=O)O1)C=C,floral; fruity,102550,102550
CC(=O)OC1CC2CC(C1=C)C2(C)C,camphoreous; fruity; herbal; mint,102553,102553
CC1(CCC=C2C13CCC(C3)C2(C)C)C,woody,102562,102562
CC1CCC(C(C1)OC(=O)CC2=CC=CC=C2)C(C)C,balsamic; herbal; honey; mint,102567,102567
CC1=CC(C(CC1)C(C)C)OC(=O)C,fruity; herbal; spicy; sweet,102578,102578
CC(CCCC(=O)C)CCC=C(C)C,balsamic; floral; rose; sweet; woody,102604,102604
CC(=CCCC(C)(C1CO1)O)C,creamy; floral; fresh; mint; sweet; woody,102611,102611
CC1CCC(C(C1)OC)C(C)C,fresh; mint,102648,102648
CC1(C2CC1C(=C)C(C2)O)C,camphoreous; mint; pine; sweet,102667,102667
CC1=CC(C(CC1)C=O)(C)C,green; herbal,102680,102680
CC1CCC(C(C1)OC=O)C(C)C,earthy; floral; fresh; green; herbal; mint,102772,102772
CC(C(C)(OC)OC)O,buttery; fruity; sharp,102794,102794
CCC(C)SC(=O)CC(C)C,cheesy; fruity; green; sulfurous; tropical; vegetable,102815,102815
CCC(C)COC(=O)CC,apple; banana; fruity; melon; sweet; tropical,102817,102817
CCC(C)C(=O)OCC(C)C,fruity; sweet,102820,102820
CCCCCCC1C=CC(=O)O1,coconut; dairy; mushroom,102833,102833
CCC(=O)C(C)CC=C(C)C,citrus; fresh; fruity; grapefruit,102844,102844
CCCC(C)C(=O)C,dairy; ethereal; fruity; herbal; ketonic,102846,102846
CCOC(C)OCCC1=CC=CC=C1,green; leafy,102849,102849
CCCCCC(=O)OCC(C)CC,apple; banana; fruity; pineapple,102855,102855
CCCCCC1C(CCC1=O)CC(=O)OC,floral; fruity; jasmine,102861,102861
CCCCC(CC)C(=O)OCC,fatty; fruity; herbal; woody,102916,102916
CC1C(OC(O1)C)C,alcoholic; ethereal; fresh; fruity; green; winey,102967,102967
CCC1CCCC(=O)O1,coconut; coumarinic,102968,102968
CC1COC(O1)C,buttery; dairy; ethereal; fruity; green; sweet,102993,102993
CCCCCC(=O)OC(C)C1=CC=CC=C1,fruity; rose,103018,103018
C[C@H](C1=CC=CC=C1)N(C)C,fishy,103034,103034
CCC(=O)OCCCCCCC(C)C,floral; fresh; herbal,103310,103310
CC1=CCCC(C1C(C)CCC=O)(C)C,orris; woody,103381,103381
CCOCC1=NC=CN=C1,earthy; nutty; pineapple; roasted,103404,103404
CCC(C)COC(=O)C1=CC=CC=C1,balsamic; floral; fruity; green; sweet,103653,103653
CCOC(=O)C1C(O1)C2=CC=C(C=C2)C,fruity; sweet,103688,103688
CC(C(=O)C)SC,alliaceous; black currant; earthy; sulfurous; tropical,103788,103788
CC1CC(C=C2C1(CC(CC2)C(=C)C)C)O,citrus; grapefruit,103814,103814
CC(CCCC(C)(C)OC(=O)C)C=C,citrus; floral,103826,103826
CC(C(=O)OC)S,brothy; meaty; sulfurous; tropical; vegetable,103858,103858
CCCCCCCCCCOC(=O)CCCCC,fatty; fruity; oily; pineapple,104170,104170
CCCCCCCCCCC(OC)OC,citrus; oily,104224,104224
CCOC1=NC(=CN=C1)C,fresh; pineapple,104421,104421
CCCCCCCCCOC(=O)CC,aldehydic; ethereal; rose; sweet; waxy; winey,104425,104425
CCCCCCCCCCC(OCC)OCC,citrus; floral; fresh; fruity,104486,104486
CCCCCCCCCCCC(OCC)OCC,citrus; fruity; green; oily,104487,104487
CCCCCCCCOCC=O,aldehydic; floral; fresh; fruity; herbal,104512,104512
CC1=C(SC(=N1)CC(C)C)C,earthy; green; nutty; savory; tomato; vegetable,104513,104513
CCCC1=NC(=C(O1)C)C,burnt; fatty; herbal; metallic; roasted,104620,104620
CC1=CN=C(C(=N1)C)C(=O)C,hazelnut; nutty; popcorn; roasted,104721,104721
CCOCC1=CC=CC=C1OC,aromatic; floral; fresh; rose; sweet; tea,105179,105179
CC1=C(C(CCC1=O)(C)C)CCC=C,floral; fruity; tobacco; woody,105426,105426
CCC1=CC=C(C=C1)CC(C)(C)C=O,aldehydic; floral,105513,105513
CC(C)(C)C(=O)OCCC1=CC=CC=C1,rose,105516,105516
CCC(=O)OC(C)(C)CC1=CC=CC=C1,floral; fruity; sweet,105595,105595
CCCC(=O)OC1=C(OC=CC1=O)C,berry; caramellic; fruity,105844,105844
CCOC(CCCCCC(C)C)OCC,floral; green; sweet,106158,106158
CC(C)C1=NC=CN=C1SC,earthy; green; meaty; roasted; woody,106216,106216
CC(C)(C=O)SSC,aromatic; chocolate; cocoa,106217,106217
CCC1=CN=C(C=N1)OC,cocoa; earthy; green; musty; nutty,106443,106443
CC(C)CCOC(=O)CC(C(=O)OCCC(C)C)S,bread; fermented,106530,106530
CC(CCOC=O)CC(C)(C)C,green; herbal; woody,106711,106711
CC(C)CCOCC(=O)OCC=C,apple; fruity; green; herbal; pineapple,106729,106729
CCC(C)COCC(=O)OCC=C,fruity; green; herbal,106730,106730
CCCCCCC1C(CC(=O)O1)C,fruity; green; jasmine; milky; peach; waxy,106756,106756
CC(=CCC(C)(C)C(OC)OC)C,citrus; fresh; grapefruit,106766,106766
CCCCCCCCCC(C)C(OCC)OCC,balsamic; citrus; woody,106788,106788
CC(CCCC(C)(C)O)CC(N1C=CC2=CC=CC=C21)N3C=CC4=CC=CC=C43,animal; floral; jasmine,106826,106826
CC1CC(CC(C1)(C)C)OC(=O)C,fruity; herbal; mint; rose; sweet,106917,106917
CCC1(C(C2CCC1(C2)C)(C)C)O,earthy; musty,106997,106997
CCCCCOC(=O)C(C)CC,apple; banana; fruity; ripe,107059,107059
CC1CCC2C13CC(C2(C)C)C(=C(C3)C(=O)C)C,musk; warm; woody,107065,107065
CC1CCC(CC2=C1CCC2C)C(=C)C,balsamic; sweet; woody,107152,107152
CC(CS)C(=O)OC,fresh; fruity; grape; tropical,107231,107231
CC1CC(OC(O1)C)(C)C2=CC=CC=C2,floral; grapefruit; green; herbal,107381,107381
CC1=CC(=O)[C@H](CC1)C(C)C,herbal; mint,107561,107561
CCCCCCOC(C)OCC,alcoholic; cognac; earthy; ethereal; floral; green,108244,108244
CC(=C)C1C(C(CCC1(C)C=C)COC(=O)C)(C)C,citrus; fruity; sweet,108410,108410
CC1N=C(CS1)C,meaty; nutty; roasted; vegetable,108501,108501
CCCCCCC(CC)OC(=O)C,floral; fruity; green; tropical; waxy,108518,108518
CCCCCCCCC=CC=CC=O,fatty; floral; herbal; waxy,108529,108529
CCCCCCCCC(OCC)OCC,citrus; floral; fresh; green,108625,108625
CC1=CC(=C(O1)C)SC(=O)C,meaty; roasted,108764,108764
CC1=C(C=CO1)SC(=O)C,beefy; chicken; meaty; roasted,108765,108765
C1=CC=C(C=C1)CCCOC(=O)CCC2=CC=CC=C2,balsamic; floral; sweet,108879,108879
CCCCCCCCCC(=O)OCCCCCCC,brandy; winey,108902,108902
CCCCCCCCC(=O)OCCCCC,floral; fruity; nutty; oily; winey,109095,109095
CCCCCCCCCC(C)C(OC)OC,aldehydic; green; lemon; waxy,109183,109183
CC(C)CCCC(C)CCOC=O,floral; fresh; fruity; green; spicy,109224,109224
CC1COC(O1)(C)CCC=C(C)C,citrus; fatty; fruity; green,109257,109257
CC1CCC(C(C1)OC(=O)C(C)C)C(C)C,floral; fruity; herbal; sweet,109319,109319
CC1CCC2CC1SC2(C)C,fruity; grapefruit; sulfurous; tropical,109332,109332
CC1CCC(C(C1)C)CO,floral; mint; woody,109418,109418
CC1COC(O1)C2=CC(=C(C=C2)O)OC,creamy; sweet; vanilla; warm,109455,109455
CCOC1=C(C=CC(=C1)C2OCC(O2)C)O,sweet,109457,109457
CC(CCC=C(C)C)CCOC(=O)C1=CC=CC=C1N,fruity; rose; sweet,109467,109467
CCCCCC(=O)OC1=CC=C(C=C1)C,animal; floral; herbal,109637,109637
CCCC(=O)OC1=C(CCC1=O)C,buttery; caramellic; creamy; nutty,109828,109828
CC(=CCOC=O)C,fruity; green; leafy; rum; tomato,110373,110373
CCC(=O)OC1=C(OC=CC1=O)C,caramellic; fruity; strawberry,110543,110543
CC1(C2CCC(C2)(C1OC=O)C)C,pine,110661,110661
CC1=CC=C2C(CCCC2(O1)C)(C)C,berry; floral; fruity; orris; sweet; woody,110664,110664
CCCCC(C)OC(=O)C,apple; fruity; pear; sour; sweet,110740,110740
CC(C)CCCC(C)CC=O,citrus; fresh; green,110747,110747
CCCC(=O)OC1CC(CCC1C(C)C)C,floral; fresh; fruity; herbal; mint,110759,110759
CCCCCC(=O)OC1CC(CCC1C(C)C)C,fruity; herbal; mint; sour; sweet; woody,110760,110760
CC1(C2CCC(C1C2)CS)C,fruity; green; sulfurous; tropical,110909,110909
CCOC(C)OCC(C)C,alcoholic; cognac; ethereal; fermented; green,110941,110941
CCCCC(CC)CS,alliaceous; meaty; roasted; sulfurous; tropical; vegetable,110968,110968
CCCCCC(CC(=O)OCC)O,apple; fruity; green; sweet; winey,110975,110975
CCCCCCCCCCCC1CCCC(=O)O1,dairy; fatty; waxy,110976,110976
CCCCCCCCC1CCCC(=O)O1,buttery; creamy; dairy; fatty,110977,110977
CC1=CCC(CC1)C(C)(C)OC(=O)C,herbal; spicy; sweet,111037,111037
CC(C)CC(=O)OCCC(C)CCC=C(C)C,chamomile; herbal; rose; tobacco; warm,111440,111440
CC(C)CCCCCCC(=O)O,fatty,111470,111470
CC(=O)CCO,caramellic; milky; sweet,111509,111509
C=CCOC(=O)COC1CCCCC1,fruity; green; herbal; pineapple,111727,111727
CC(C)CC(=O)OCC1=CC=C(C=C1)O,apricot; fruity; spicy; sweet,111779,111779
CCC(=O)OCC(C)OC(=O)CC,fruity; winey,112002,112002
CCOC(=O)C(CC(C)C)O,fresh; fruity; winey,112030,112030
CCCCC(=O)OC(C)(CCC=C(C)C)C=C,fruity; sweet,112045,112045
CC(C)CCCCCCCOC(=O)C,citrus; fresh; rose; sweet,112240,112240
CCOC(CCCCC(C)C)OCC,fruity; green; leafy,112252,112252
CCC(C)COC(=O)CC1=CC=CC=C1,balsamic; cocoa; floral; fruity; sweet,112450,112450
CC(CCCC(C)(C)OC)C=O,citrus; floral; fruity; melon,112491,112491
CCC=CCCC1CCC(=O)O1,creamy; floral; fruity; green; peach; sweet; tropical,112553,112553
CCCCCCC(CCOC(=O)C)OC(=O)C,floral; jasmine,112635,112635
CCCCCCCCCC(=O)OCCC1=CC=CC=C1,floral; green; herbal; oily; rose; waxy; winey,112733,112733
COCC1=NC=CN=C1,almond; roasted,113204,113204
CCC(C)COC(=O)C=C(C)C,apple; chamomile; floral; fruity,113425,113425
CC1CC(CO1)(C)C2=CC=CC=C2,aromatic; floral; fresh; herbal,113514,113514
CCCCCC(=O)OCCC(C)CCC=C(C)C,apple; floral; fruity; pear; pineapple; rose,114416,114416
CCCCCCC1CCCC1=O,floral; fruity; green; jasmine,114454,114454
CCCCCOC(C)OCC,alcoholic; cognac; ethereal; green; pungent,114523,114523
CCCCCCCCCCCC=CC=O,citrus; fatty; fruity; orange,116625,116625
CC(C)C(=O)OCC1=CC=C(C=C1)OC,floral; fruity; sweet,117035,117035
CCC(=O)OCC(C)O,fruity,117252,117252
CCOC(C)(C)C1CCC(=CC1)C,citrus; fatty; green,117385,117385
CCOC(=O)CCC(C)C,apple; fruity; pineapple,117477,117477
CCCCCC1=CCCC1=O,floral; fruity; jasmine,117549,117549
CCC(=O)NC1=CC=CC=C1C(=O)OC,grape,117564,117564
CCCCC(OC)OC,cognac; ethereal; fruity; green,117799,117799
CC1=CC(C2CC1C2(C)C)OC(=O)C,fruity; herbal; mint; spicy,118088,118088
CC(C)C1=CC=C(C=C1)C(C)C=O,floral; green; herbal; leafy,118146,118146
CCC(C)SC(=O)C=C(C)C,cheesy; fruity; green; sulfurous; tropical; vegetable,118148,118148
CCOC(=O)C1C(=CC=CC1(C)C)C,apple; fruity; herbal; spicy,118199,118199
CCC(C)COC=O,apple; fatty; fruity; green; winey,118210,118210
CCCC(CCCC(=O)OCC)OC(=O)C,fruity,118225,118225
CCCC(C=C)OC(=O)C,fruity; green; rum,118262,118262
CCCCCCOC(CCCCC)OCCCCCC,apple; cognac; grassy; green; oily,118530,118530
CC(C)CC(=O)SC(C)C,cheesy; green; sulfurous; tropical; vegetable,118641,118641
CC(C)SC(=O)C=C(C)C,green; meaty; onion; sulfurous; tropical,118658,118658
CCC(C)(C)SSC(C)(C)CC,alliaceous; green; meaty; savory; sulfurous; vegetable,118758,118758
CC(=O)CCCCCCC=C,apple; fatty; fruity; green; pear; pineapple,118782,118782
CC(C)CCN=CCC(C)C,burnt; cocoa; fishy; oily; sweet,118823,118823
CC(=O)CCCCCCCC=C,citrus; fruity; green; melon; tropical,118928,118928
CC1CCC2C13CC(C2(C)C)C(=C)C(C3)O,woody,119831,119831
CC1=C(C(=O)C(CO1)O)O,caramellic,119838,119838
CC(=O)OCC1CCC2CC1C2(C)C,fruity; herbal; pine; sweet,119852,119852
CCCCCCCCC(=O)OC(C)C,fermented; fruity; melon; oily; winey,119911,119911
CCCCCCCCCCCCOC=O,floral; fruity; green,119919,119919
CC1=CC2=C(C=C1)OCC(=O)CO2,fresh; green; melon,120101,120101
CCO[C@H]1[C@@H]([C@H]([C@@H]([C@H](O1)CO)O)O)O,alcoholic,121667,121667
CC1=CC2=C(C=C1)C(CC=C2)(C)C,gasoline; woody,121677,121677
CCC1=C(OC(=N1)C)C,green; hazelnut; nutty; vegetable,121694,121694
CCCC(=O)CC(=O)OC,caramellic; fruity; roasted,121700,121700
CC1CC(=O)C=C1C,burnt; caramellic; ketonic,121710,121710
CC1(C2CC1C(=C)C(=O)C2)C,camphoreous; mint,121719,121719
CC1=CC=CCC1,gasoline,121731,121731
CCCCCCCCCC(=O)OCC(C)C,brandy; cognac; fatty; fruity; oily; sweet,121738,121738
CCCCCCCCCC(=O)OCCC,fatty; fruity; oily; vegetable; woody,121739,121739
CC(=O)OC1(CCCCC1)C,berry; floral; fruity; sweet,121767,121767
CCCCCCC(C(=O)C)C(=O)OCC,floral; fruity; green; herbal; jasmine; winey,121790,121790
CC1=CCC(CC1OC=O)C(=C)C,fruity; herbal; mint; sweet,121797,121797
CSCS,garlic; meaty; savory; sulfurous,122370,122370
CCSC1=CC=CC=C1O,burnt; smoky,122407,122407
CCCC(=O)OCC(C)O,ethereal; fruity,122419,122419
CC(C)[C@H]1CC[C@@](C=C1)(C)O,floral; herbal; musty,122485,122485
CCC=CCC=CC=CC=C,fatty; green,122491,122491
CCOC1=NC=CN=C1C,cocoa; nutty; roasted,122941,122941
CCSSC,alliaceous; onion; sulfurous,123388,123388
CCC1=CC=CC=C1C=O,almond; spicy,123406,123406
C=CCCCCCCCCCC(=O)O,citrus; fatty,125207,125207
C/C=C(\C)/C(=O)O,spicy; sweet; warm,125468,125468
CC(C1CCCCC1)O,fermented; fruity; herbal; oily,137829,137829
CC1=CN=CS1,coffee; roasted; sulfurous,137980,137980
CC(C)OC(C)OC(C)C,alcoholic; brandy; cognac; ethereal; fruity; green; pungent,138176,138176
CCOC(C)(C1=CC=CC=C1)OCC,floral; fruity; green; spicy; warm,138187,138187
CCCC(OC)OC,alcoholic; cognac; ethereal; fermented; fresh; green,138260,138260
CCC=S,alliaceous; garlic; onion; potato,138345,138345
CCCOC(=O)C(C)(C)C,fruity; ripe; sweet; tropical,138418,138418
CCCCOC(=O)C(C)(C)C,apple; fruity; herbal,138420,138420
CCCC(=O)C(=O)CCC,buttery; caramellic; cheesy; creamy; fatty; fruity; sweet,138508,138508
C(S)S,meaty,138818,138818
CCSC(C)SCC,alliaceous; coffee; fruity; meaty; sulfurous; tropical,139711,139711
CCCC(C)CC=O,aldehydic; cheesy; fatty; fruity; green,140511,140511
CC1CCCCCCCCCCCCC(=O)O1,musk,141710,141710
CC(C1=CC=CC=C1)S,floral; meaty; sulfurous; tropical,141850,141850
CC(=O)CC(=O)OCC1=CC=CC=C1,balsamic; floral; fresh; fruity,142266,142266
CC=CSC,garlic; onion; sulfurous,142629,142629
CC(C)CC(OC)OC,cocoa; ethereal; fermented; fruity; green; malty,143444,143444
CC1=CC(=C(O1)C)SC,brothy; meaty; roasted,143990,143990
CC(=CCS)C,coffee; garlic; meaty; onion,146586,146586
CCCC1NCCS1,bread; caramellic; green; pungent; radish,146885,146885
CCCCCCCCCCCCC=CC=O,chicken; oily,149211,149211
CCCC(CC(=O)O)O,cheesy; fruity,151492,151492
CCCCCCCCCCCCCC=CC(=O)O,fatty; oily,152802,152802
CC(CS)C(=O)O,cheesy; meaty; ripe; sulfurous; tropical; vegetable,152910,152910
CC(C=O)C1CCC(O1)(C)C=C,floral; fresh; sweet,155007,155007
CC(=C)C1CCC(C=C1)(C)O,floral; herbal; musty,155626,155626
CC(C)[C@@H]1CC[C@@]2([C@H]1[C@@H]3C(=C)CC[C@@H]2S3)C,earthy; musty; woody,155724,155724
CCCCC1OCC(O1)C,alcoholic; fatty; fermented; green; nutty,156273,156273
CCC(C)(CCC1=CC=CC=C1)OC(=O)C,floral; fresh; fruity; green; tea,160065,160065
CCCCC=CCC(=O)OCC,fatty; fruity; pineapple; tropical,161528,161528
CCCCC1COCC(C1OC(=O)C)C,floral; jasmine; mushroom,161960,161960
CCOC(C)OC(C)(CCC=C(C)C)C=C,floral; fresh; herbal,162027,162027
CCCOC(=O)C(C)CC,apple; fruity; green; pineapple; sweet,162239,162239
C=CCCCCCCCC=O,citrus; fatty; floral; fresh; green; rose,162392,162392
CC1(CCC=C2C1CCC(C2)(C)O)C,animal; earthy,162452,162452
COC(=O)C1=CC=CC=C1NC=O,fruity; grape; musty,162458,162458
CCC(C)COC(=O)C1=CC=CC=C1O,balsamic; floral; green; herbal; sweet,162626,162626
CCCC(=O)OCC(C)CC,fruity,162627,162627
CCC1(C2(CCCC1(CC2)C)C)O,earthy; woody,163418,163418
CCCC(C)COC(=O)C(C)CCC,fatty; floral; fruity; pear,163588,163588
CCC(C)C(C(=O)O)O,buttery; cheesy; creamy; fruity,164623,164623
CSCCCCCCN=C=S,fatty; horseradish; pungent; radish; sweet,165224,165224
CC(=CCOC(=O)C=C(C)C)C,fruity; green,166302,166302
CCCCCCCCCCOC(=O)CC(C)C,apple; brandy; fruity; waxy; winey,166371,166371
CC(=O)C1=NCCS1,green; onion; popcorn,169110,169110
CCCCCCCCC(=O)OCC(C)C,fruity; oily; rose; winey,169223,169223
CC(CCCC(=C)C)CO,fatty; fresh; green; melon; oily; waxy,169818,169818
CCC1=CC=C(S1)C=O,almond; caramellic; nutty,169830,169830
CC(=CCCC(C)(C=C)S)C,fresh; fruity; grapefruit,170239,170239
CCCCCCCCCCCCCC(=O)OCCCCCC,odorless,170623,170623
CCCC(=O)OCC(C)OC(=O)CCC,fruity,170948,170948
CCCCCCCC(C=C)O,cheesy; citrus; dairy; earthy; mushroom; waxy,170977,170977
CCCCCC(=O)OCSC,creamy; fruity; pineapple,173312,173312
CCCCCC(=O)OCC=C(C)C,earthy; fruity; green,173534,173534
CC(C)C(=O)OCC=C(C)C,berry; buttery; fruity; green; plum; waxy,173535,173535
CC(C)C(=O)O[C@@H]1C[C@H]2CC[C@@]1(C2(C)C)C,camphoreous; earthy; fruity; herbal; nutty; pine,174490,174490
CC1C2CC(C2(C)C)CC1S,fruity; green; sulfurous; tropical,175039,175039
CCOC1=NC=CN=C1C(C)C,earthy; green; nutty; roasted; vegetable,175170,175170
CCOC(C)(CCC=C(C)C)C=C,citrus; floral,175211,175211
CCCCCCCOCC(=O)CO,earthy; mushroom; sweet,175220,175220
CCC1=NC=CN=C1SC,earthy; green; musty; nutty; roasted; vegetable,175366,175366
CCCCCCCC(CCCC(=O)OCC(CO)O)O,buttery,175553,175553
CC1CC[C@H](C(=O)C1)C(C)(C)OC(=S)C,catty,175606,175606
CCCCCCC(=O)C=C,mushroom,181106,181106
CCC=CC=CC(=O)C,earthy; fishy; green; metallic; mushroom,181575,181575
C=CCCCCN=C=S,fatty; green; pungent,184852,184852
CC(C)CC1OC(OC(O1)CC(C)C)CC(C)C,chocolate; cocoa; creamy; floral; vanilla,198512,198512
CSCCCCCN=C=S,cabbage; pungent; radish,206037,206037
CCCCCC(=O)OCC=CC,fruity; pineapple; sharp,208861,208861
CCCCCC(OCCC(C)C)OCCC(C)C,apple; cognac; green; oily,208862,208862
CCCCCC(OCCCC)OCCCC,apple; cognac; green; oily,208863,208863
CN1CCNC2=CC=CC=C21,burnt; meaty,215850,215850
CC1=CCC(CC1OC(=O)CC(C)C)C(=C)C,fruity; herbal; sweet,216439,216439
CCCCOC(C1=CC=CC=C1)OCCCC,almond; cherry; herbal; sweet,219171,219171
CC(C)CC(=O)CC1=CC=CC=C1,caramellic; fruity; spicy; woody,219672,219672
CCCC(C(=O)CCC)O,buttery; nutty; pungent; sweet,219794,219794
C[C@@H]1CC[C@H]([C@@H](C1)OC(=O)C)C(C)C,fruity; mint; sour; sweet,220674,220674
CCCOC(=O)CCC(=O)C,caramellic; fruity; sweet,221069,221069
CCOC(=O)C(C)OC(=O)C,caramellic; dairy; fruity; rum,221166,221166
C1CCC(CC1)CCOC=O,apple; fruity; waxy,221393,221393
CCCCCC(=O)OCCCC1=CC=CC=C1,fruity; green; sweet,221417,221417
CCC(=O)OCCC1CCCCC1,fresh; fruity; pineapple; sweet,221443,221443
CCC(=O)O[C@@H]1C[C@@H](CC[C@H]1C(C)C)C,floral; fresh; fruity; herbal; mint; sweet,221455,221455
CCCOC(=O)CC1=CC=CC=C1,apricot; honey; rose,221641,221641
CCOC1=CC=CC=C1C(=O)OCC,floral; fruity; green; sweet; warm,221644,221644
CC1C(OC(O1)C2=CC=C(C=C2)OC)C,anisic; floral; hay,221663,221663
CCCCCCOC(=O)CC1=CC=CC=C1,floral; fruity; green; honey; sweet; waxy; winey,221691,221691
CCCCOC(=O)C(C)OC(=O)C,creamy; fruity; milky,223944,223944
CC1C(OC(O1)C2=CC3=C(C=C2)OCO3)C,floral,225856,225856
CC(=O)CSCC1=CC=CO1,burnt; cabbage; coffee,226249,226249
COC1=CC(=CC(=C1O)OC)CC=C,burnt; meaty; phenolic; smoky; spicy,226486,226486
CCCC(C)C(=O)OCC(C)C,apple; fatty; fruity; oily,226902,226902
CCCC(C)C(=O)OCCC(C)C,apple; fatty; fruity; oily,226912,226912
CCCCCCOC(=O)C(C)CCC,apple; fruity; herbal; oily; winey,226920,226920
CC(C)CCCOC(=O)C1=CC=CC=C1,balsamic; fruity; sweet,227544,227544
CCCCCCOC(=O)C(CC)CC,apple; fruity; herbal; sweet; waxy; winey,227875,227875
CC(=O)CC(OC)OC,herbal; sweet,228548,228548
CC(=O)CC1=CC=CO1,caramellic; fruity; spicy; sweet,228583,228583
CCCC(=O)C1=CC=CO1,balsamic,228588,228588
CC(=C)CCC(=O)C,berry; cheesy; dairy; fatty; fruity; green; tropical,228604,228604
CCCCCCCCCOC=O,citrus; sweet,228757,228757
CCCCCCCCOC(=O)CC(C)C,apple; earthy; fatty; fruity; green; herbal,228769,228769
CC(CC1=CC=C(C=C1)C(C)(C)C)C=O,floral; fresh; green,228987,228987
CCCCCCCCCCC1OCC(O1)C,citrus; fatty; floral; herbal,229153,229153
CCCCCCC(=O)OCCC,fruity; green; oily; winey,229377,229377
CCCCCCCCCCOC(=O)CC,aldehydic; citrus; cognac; fatty; musk; rum; sweet,229385,229385
CCCCCCCCCCOC(=O)CCC,apricot; fruity; peach; rose; waxy,229387,229387
CCCCCCCC(=O)OCCC1=CC=CC=C1,earthy; floral; fruity; green; winey,229888,229888
CC1C(OC(O1)CC2=CC=CC=C2)C,earthy; floral; fruity; herbal; sweet,230525,230525
C[C@@]12CC[C@H](C1(C)C)CC2=O,camphoreous; fresh; mint,230921,230921
CCCCC(=O)C1=CC=CO1,cheesy; fruity,231325,231325
C1CCCCCCCOC(=O)CCCCCC1,musk; pear; sweet,235414,235414
CC1COC(O1)C(C)C2=CC=CC=C2,fresh; fruity; green; melon; mushroom,236687,236687
C1=C(OC(=C1)C=O)CO,hay; herbal; winey,237332,237332
CCCCCC1=CN=CC=C1,earthy; green,238307,238307
CCCC(=O)CC(=O)OCC,berry; fruity; green; pineapple,238498,238498
C[C@H]1CC[C@H](CC2=C1CC[C@@H]2C)C(C)(C)OC(=O)C,earthy; floral; rose; sweet; tea; woody,240122,240122
CC(CCC=C(C)C)CO,melon,240230,240230
CC1=CC(=C(C(=C1)OC)O)OC,medicinal; phenolic; smoky; spicy,240925,240925
CCCCC(C)OC(=O)CCC,fruity; sweet,243670,243670
CCCC(=O)OCC1=CC=C(C=C1)OC,floral; fruity; plum; sweet,243675,243675
CCCCCCCCCCCCOC(=O)C(C)C,buttery; fatty; milky; oily; waxy,243691,243691
CCCC(=O)OC1CCCCC1,floral; fresh; fruity; sweet,243783,243783
CCCCCCCCCCCCOC(=O)CC(C)C,apple; fresh; fruity; oily,243803,243803
CCCC(=O)OCCCCCCCCCC=C,fatty; fruity; oily,244468,244468
CCCC(=O)O[C@H]1C[C@H]2CC[C@]1(C2(C)C)C,fruity; herbal; woody,244483,244483
CCCCCCCCCCCCOC(=O)CCC,fatty; fruity; oily,245572,245572
CCCCCC(=O)CC,cheesy; earthy; fruity; herbal,246728,246728
CCOC(=O)C(CC1=CC=CC=C1)C(=O)C,balsamic; floral; fruity,246929,246929
CC(=O)O[C@H]1C[C@H]2CC[C@]1(C2(C)C)C,camphoreous; earthy; fruity; herbal; pine; woody,247573,247573
C(CCCCS)CCCCS,fatty; meaty; mushroom; sulfurous; vegetable; waxy,248488,248488
CC(CCCC(C)(C)O)CCO,floral; rose; sweet,249494,249494
C/C=C(\C)/C(=O)OCC1=CC=CC=C1,mushroom; rose,250096,250096
CCCOC(=O)CCC1CCCCC1,fruity; peach; pear; pineapple; sweet,251209,251209
CC(=CCCC(C)(C=C)OC(=O)CC1=CC=CC=C1)C,floral; rose; sweet,251529,251529
CCCC(=O)OCC(=C)C,fruity; pungent; sharp,251530,251530
C1=CC=C(C=C1)CCOC(=O)C2=CC=CO2,caramellic; fruity,251531,251531
CCCCC(C1=CC=CC=C1)C(=O)OCC,creamy; fruity; green; honey; milky; sweet,256028,256028
C1=CC=NC(=C1)CS,fatty; meaty; roasted; savory; sulfurous,256071,256071
C1=COC(=C1)COCC2=CC=CO2,burnt; coffee; nutty,263034,263034
CCOC(=O)C1=CC=CC=C1NC(=O)C,citrus; floral; fruity; grape,279117,279117
CCCC(=O)CCCC(=O)O,fruity,280190,280190
COC(=O)CCCC1=CC=CC=C1,floral; fruity; honey; sweet,281254,281254
CCCCCCC1(CCC(=O)O1)C,jasmine; peach; waxy,285097,285097
CC(C)CC(=O)OC1CCCCC1,apple; banana; berry; fruity,287439,287439
CC1CCC=C2C1(CC(CC2)C(=C)C)C,citrus; gasoline; orange,288227,288227
CC1(CCCC2(C3C1C(C2=C)CC3)C)C,camphoreous; sweet; woody,289151,289151
CCCC(C)(C)SSC(C)(C)CCC,alliaceous; green; meaty; savory; sulfurous; vegetable,292856,292856
COC(=O)C1=CC=CC=C1NC(=O)CC2=CC=CC=C2,grape; honey,307343,307343
CC(C)C1CCC2(C1C3C2CCC3=C)C,balsamic; earthy; herbal; mint; woody,324224,324224
CC1=CC[C@H](C[C@H]1O)C(=C)C,sweet,330573,330573
CSCCCC(=O)N,beefy; chicken; fatty; meaty; sweet,345617,345617
C1=CC=C(C=C1)CCCOC(=O)C2=CC=CC=C2,balsamic; green; herbal; sweet; vegetable,346273,346273
CC(C1=CC=CC=C1)OC=O,balsamic; floral; green; woody,346286,346286
C1=CC=C(C=C1)C(=O)OCCOC2=CC=CC=C2,balsamic; floral,347077,347077
CCCCCCCCOCC1=CC=CC=C1,aromatic; balsamic; earthy; floral; fruity,347508,347508
COC1=CC=CC(=C1O)CC=C,phenolic; smoky; spicy; sweet,347577,347577
CC(C)CCOC(=O)C1=CC=CC=C1N,grape; plum,347713,347713
CC(C)C(=O)OCCC1CCCCC1,fruity; sweet,347744,347744
CCCCCCC(OCCCC)OCCCC,cognac; green; herbal; oily,348812,348812
CCCCCC(=O)OCC(C)OC(=O)CCCCC,fruity,349945,349945
CC1=CC(=O)C(=C(C)C)CC1,herbal; mint; sharp,381152,381152
CCOC(=O)/C=C/C,caramellic; cognac; fruity; pungent; rum,429065,429065
CC(CCC=C(C)CCC=C(C)C)CCO,floral,439223,439223
CC1=CC[C@H](CC1)C(=C)C,herbal; orange,439250,439250
C[C@@H]1CC[C@H]([C@H](C1)O)C(C)C,mint; musty,439263,439263
CC1(C2CCC1([C@H](C2)O)C)C,camphoreous; mint; sharp; woody,439568,439568
C[C@]12CC[C@H](C1)C([C@H]2O)(C)C,camphoreous; citrus; sweet,439711,439711
CC(C)[C@]12CC[C@@]([C@@H]1C2)(C)O,camphoreous; herbal; mint; sweet; woody,439727,439727
CC1=CC[C@@H](CC1)C(=C)C,citrus; fresh; gasoline; orange; sweet,440917,440917
CC(=C)[C@@H]1CCC2(C(C1)O2)C,fresh; herbal; mint,441245,441245
CCCCC[C@H]1CCC(=O)O1,coconut; fatty,441574,441574
CCCCCCC[C@H]1CCC(=O)O1,apricot; fatty; peach,441644,441644
CC1=CC[C@H](CC1)[C@](C)(CCC=C(C)C)O,floral; fruity; lemon,442343,442343
C[C@@H]1CC[C@@H]2[C@]13CC=C(C(C3)C2(C)C)C,dry; fatty; sweet; tea; woody,442348,442348
CC1=CCC2C3C1[C@@]2(CCC3C(C)C)C,spicy; woody,442355,442355
C[C@H]1CCC2([C@@]3(C1CC(C2(C)C)CC3)C)O,camphoreous; earthy; woody,442384,442384
CC1=CC[C@@]2(CCCC([C@]23[C@H]1C3)(C)C)C,dry; spicy; woody,442402,442402
C[C@@H]1CCC2=C(C1)OC=C2C,hay; herbal; mint; musty; sweet,442478,442478
CC1=CC[C@@H](C=C1)C(C)C,citrus; fresh; spicy,442482,442482
CC(C)[C@@H]1CCC(=C)C=C1,citrus; fresh; spicy,442484,442484
C[C@@H]1CCC(=C(C)C)C(=O)C1,herbal; mint,442495,442495
CC1=CC[C@@H](CC1)C(C)(C)O,floral; sweet,442501,442501
C[C@H]1CC[C@@H](C(=O)C1)C(C)C,mint,443159,443159
C[C@@H]1CC[C@@H](C[C@H]1O)C(=C)C,herbal; mint; musty,443180,443180
C(/C(=C\C(=O)O)/C(=O)O)C(=O)O,odorless,444212,444212
C(=C\C(=O)O)\C(=O)O,winey,444266,444266
C1=CC=C(C=C1)/C=C/C(=O)O,balsamic,444539,444539
C(=C/C(=O)O)\C(=O)O,odorless,444972,444972
CC(=CCC/C(=C/CC/C(=C/CO)/C)/C)C,floral; oily; sweet,445070,445070
C/C=C/C=O,sharp; spicy; warm,447466,447466
CCCCCC(=O)/C=C/C,earthy; fruity; mushroom; sweet,448996,448996
C1=CC=C(C=C1)CCCC2=CC=CC=N2,earthy; green; herbal,459494,459494
CCCCC1=NC2=CC=CC=C2C=C1,animal; leathery; tobacco,459597,459597
C/C=C/CCO,fresh; fruity; green,510370,510370
CCCCCCCCCOC(=O)C(C)C,apricot; green; herbal; orange; rose; sharp; sweet,517863,517863
CCCOC(=O)CC(=O)OCCC,apple; ethereal; fruity; winey,517959,517959
CCCCCCC(=O)OCCCCCC,fatty; fresh; fruity; green; sour,517970,517970
CC1(C2CCC1(C(C2)OC=O)C)C,earthy; green; pine,518472,518472
CCCC(CCOC(=O)C)S,black currant; fruity; grapefruit; sulfurous; tropical,518810,518810
CSCC1=CC=CO1,garlic; onion; radish,518937,518937
CCCC=CC(=O)OCC,apple; fruity; green; pineapple; ripe; strawberry; sweet,519129,519129
CCCCCCCC(CC)O,fatty; mushroom; musty; oily; orange; waxy,519158,519158
CCC=CC(=O)OC,ethereal; fruity; green,519179,519179
CCCCCCCCC=CC(=O)O,dairy; fatty; green,519180,519180
CC1=C(C(CCC1)(C)C)CCC(=O)C,floral; fruity; orris; woody,519382,519382
CCOC(C(C)C)OCC,apple; ethereal; fermented; fruity; green; malty,519415,519415
CCC=CSC,alliaceous; garlic; onion; savory,519416,519416
CCC(C)C1=NC=CS1,green; herbal; leafy; tomato; vegetable,519539,519539
CCOC(=O)C(C)S,fruity; sulfurous,519709,519709
CCC1=CN=C(S1)C,alliaceous; burnt; cocoa; fishy; green; roasted; sulfurous,519732,519732
CCSCC1=CC=CO1,coffee; garlic; horseradish; roasted; sulfurous,519751,519751
CC(C)C(=O)OC1=CC=CC=C1,animal; fruity; honey; pungent,519756,519756
CCCCCCOC(=O)C(C)O,floral; sweet,519757,519757
CC(C)CCOC(=O)C(C)C,fruity; green,519786,519786
CSCCCCO,cheesy; fruity; metallic; mushroom; tomato; vegetable,519793,519793
CC(C)C(C)S,beefy; meaty; sulfurous,519823,519823
CCCC(C)C(=O)OC,apple; berry; fruity; green; melon; pineapple; sweet; tropical,519890,519890
CSC1=NC=CN=C1,alliaceous; cocoa; hazelnut; nutty; sweet,519907,519907
CCC(C)C1=NC=CN=C1OC,green,520098,520098
CC(=O)C1=NC=CS1,bread; nutty; popcorn,520108,520108
CC(CCS)S,garlic; onion; sulfurous,520119,520119
CC(=O)CS,chicken; garlic; meaty; onion; sulfurous,520144,520144
CCC(C)C(=O)OCCC1=CC=CC=C1,floral; fruity; green; sweet; waxy,520148,520148
CC1=CC(=C(S1)C)C(=O)C,cheesy; hazelnut; meaty; nutty; roasted; savory,520191,520191
CC(=O)C1=CCCCN1,nutty; popcorn,520194,520194
CCCCCCC(C)(C)S,sulfurous,520196,520196
CCCCCCCCCC1CCCC(=O)O1,buttery; creamy; fatty; milky; sweet,520296,520296
CC(=O)C1=NCCCC1,bread; caramellic; popcorn,520300,520300
CCC(C)C(=O)OCCC(C)C,apple; banana; fruity; ripe,520326,520326
CC1=CN=CC(=N1)OC,hazelnut; nutty; roasted,520395,520395
CC1=CN=CC(=N1)SC,burnt; meaty; nutty; roasted,520398,520398
CCCCCCCCOC(=O)C(C)CC,fatty; fruity; green; herbal; waxy,520455,520455
CCC1=CSC(=N1)C,green; meaty; roasted; sulfurous,520568,520568
CCCCCCC=COC(=O)C,banana; fruity; green; melon; pineapple,520583,520583
CC1CC(=O)CO1,bread; burnt; buttery; coumarinic; hay; rum; sweet,520667,520667
CC(C)(CCO)S,beefy; grapefruit; meaty; onion; sulfurous,520682,520682
CC1=C(SC(=N1)C)C(=O)C,meaty; nutty; roasted; sulfurous,520888,520888
CC1=CC=C(O1)CO,almond; caramellic; fermented; sweet,520911,520911
CCC1=CC=C(S1)C,green; sulfurous,520990,520990
CCCC1=NC(=C(S1)C)C,cocoa; fruity; green; nutty; roasted; tropical,521080,521080
CCCCCC(CC)OC(=O)C,citrus; floral; green; mint; rose; waxy,521238,521238
CCC(=O)CO,alcoholic; caramellic; oily,521300,521300
CC1(C2CCC(C1C2)CO)C,herbal; mint; woody,521314,521314
CC(C)COC(=O)C(C)(C)C,fruity,521321,521321
CCCCCCCCOC(=O)CCCCCC,fatty; fruity; green; sweet,521326,521326
CCCC(CCO)S,alliaceous; fruity; grapefruit; meaty; tropical,521348,521348
CCC1=C(SC=N1)C,burnt; green; meaty; roasted,521384,521384
CCCCC1=CC=C(S1)CC,burnt; roasted; sulfurous,521504,521504
CCCCC(=O)OCC(C)CC,apple; apricot; banana; fruity,521666,521666
CCCCSSC,alliaceous; garlic; onion; roasted,521941,521941
CCCCCC(C)S,fatty; onion; savory; sulfurous; vegetable,522071,522071
CCCCSSCC,alliaceous; garlic; green; onion; sulfurous; vegetable,522111,522111
CCCC(=O)CO,buttery; hay,522131,522131
CC(C)COC(=O)C1=CC=CC=C1NC,citrus; floral; fruity; sweet,522171,522171
CCC(C)C(=O)OC(C)C,apple; fruity; green; pineapple; sweet,522214,522214
CCOC(=O)CCCCCCCC=C,fruity; oily; woody,522255,522255
CC(C)CSSC,alliaceous; green; meaty; savory; sulfurous; vegetable,522262,522262
CC(=O)CC1=NC=CN=C1,bread; nutty; popcorn,522284,522284
CC(C)CCOC(=O)CCC(=O)C,caramellic; fruity; oily; winey,522404,522404
CCCCCCCCC(=O)OCCCCCCC,floral; oily; orange; rose; sweet; winey,522422,522422
CCCCSSCCC,alliaceous; garlic; onion; pungent; savory,522458,522458
CCCCCSSC,alliaceous; garlic; green; onion; sulfurous; vegetable,522459,522459
C1=CSC(=C1)S,burnt; caramellic; coffee; roasted; sulfurous,522674,522674
CCCCCCCCC(=O)OCCC(C)C,apricot; floral; fruity; nutty; oily; winey,522676,522676
CC(C)COC(=O)CC(=O)C,brandy; sweet; winey,522677,522677
C1=CC=C(C=C1)COC(=O)C2=CC=CC=C2N,citrus; floral; sweet,522771,522771
CCC1=NC(=C(S1)C)C,burnt; cocoa; hazelnut,522877,522877
CCOC(=O)CCC(C)(OCC)OCC,fruity,523027,523027
CCCOC(=O)C(=O)C,burnt; caramellic; fruity,523918,523918
CC(=O)C1CCSS1,meaty; onion,524171,524171
CCCCCOC(=O)CC(=O)OCCCCC,fatty; fruity; winey,524369,524369
CCCC1=CC(=C(C(=C1)OC)O)OC,burnt; phenolic; smoky; spicy,524975,524975
CSSSSCC=C,garlic; onion; pungent; sulfurous,525329,525329
CCCSSSCC=C,garlic; onion; pungent,525330,525330
CCSSSC,alliaceous; garlic; green; onion; roasted; sulfurous,525358,525358
CC(S)SC,garlic; meaty; onion,525462,525462
CCC(=O)OC1CCCCCCCCCCC1,fatty; fruity; woody,525963,525963
CC(C)(CCOC)S,black currant; catty; sulfurous,526195,526195
CC(C)(CCOC=O)S,catty; coffee; meaty; roasted; sulfurous,526487,526487
C1=COC(=C1)CCC2=CC=CO2,aromatic; burnt; metallic; roasted,526614,526614
CC1=C(C=CO1)SSCC2=CC=CO2,meaty; savory; sulfurous,526616,526616
CC1=C(C=CO1)SSC2=C(OC=C2)C,meaty,526624,526624
CC1=CCC(CC1)C(=C)CO,citrus; floral; fruity; herbal; mint; sweet,527143,527143
CCOC1=C(C=CC(=C1)C(C)C)C,earthy; herbal; spicy,527268,527268
CCCCCCCC(=O)OCCC(C)CCC=C(C)C,floral; fruity; oily; rose; waxy,527286,527286
CC(CC(=O)C)S,black currant; catty; grapefruit; meaty; potato; sulfurous; tropical,527393,527393
CC1=CCC(CC1)(C(=C)C)O,animal; earthy; musty; sweet,527428,527428
CCC(CS)C=O,brothy; cheesy; pungent,527438,527438
CC(C)CCC(=O)OC(C)C,apple; fruity; pineapple,527990,527990
CCCOC(=O)CCC(C)C,apple; fruity; pineapple,527991,527991
CCCCCCC(CC)C(=O)OC,fatty; fruity; herbal; oily; woody,528069,528069
CC1=CN=C(C=N1)SC,burnt; meaty; nutty; roasted,528143,528143
CCCCCCC1=NC=CN=C1OC,green,528305,528305
CCCC1=NC=CN=C1OC,earthy; potato,528308,528308
CC1NC(SC(N1)C)C,beefy; meaty; nutty; roasted,528363,528363
CCC1=C(C(=O)CC1C)O,burnt; caramellic,528698,528698
CCCSSSSC,garlic; onion; sulfurous,528709,528709
CC=CSSSC,garlic; onion; sulfurous,528712,528712
CC(C)C1SC(SS1)C(C)C,fatty; garlic; nutty; oily; onion; sulfurous,529049,529049
CC1NC(SC(S1)CC(C)C)C,hazelnut; roasted,529056,529056
CCCCCC(CC(=O)OCC)OC(=O)C,fruity; tropical; winey,529296,529296
CCCCCC(CC(=O)OC)OC(=O)C,fruity; green; tropical; winey,529300,529300
CC(=C)C1=CC(=NC=C1)C(=O)C,grassy; mint; sweet,529344,529344
CC(=C)C1=NC=CC(=C1)C(=O)C,fermented; green; herbal; roasted,529352,529352
CC1(CC2C3CCCC(C2C1)(C3O)C)C,balsamic; woody,529438,529438
CCCCCC(C)OC(=O)CCC,floral; fruity; green; tropical; waxy,529496,529496
CCCC=CC(=O)OCC(C)C,apple; fresh; fruity; green; pear,529500,529500
CCC(=O)C(C)S,catty; grapefruit; onion; roasted; sulfurous,529635,529635
CC1CSSS1,alliaceous; garlic; meaty; onion; roasted,529757,529757
CC=CSSCC=C,garlic; onion,529761,529761
CC(=O)CCC(=O)OCC=C,banana; burnt; fruity; sweet,529770,529770
COC1=C(C=CC(=C1)CCC=O)O,aromatic; spicy; sweet; vanilla,529899,529899
CCCCCCOC(=O)CCC(C)C,fruity; green; herbal; sweet,530286,530286
CC1CCC2=NC(=CN=C12)C,burnt; cocoa; earthy; musty; nutty; roasted,530404,530404
CC1=CC=CC=C1OC(=O)CC2=CC=CC=C2,balsamic; floral; honey; phenolic,530818,530818
CC(C)CCSSC,meaty; onion; roasted; savory; sulfurous,534377,534377
CC(C)CC=NCCC1=CC=CC=C1,fishy,535665,535665
CCCCCC(=O)OCCC(CCC)S,black currant; fruity; grapefruit; sulfurous; tropical,536987,536987
CC(=O)OCCCCC=C,fruity; green; sour; sweet,537536,537536
CCCCC(CC)OC(=O)C,floral; fruity; green; herbal; rose,537615,537615
CC(C)CCOC(=O)C(=O)C,caramellic; fruity; rum; sweet,537682,537682
CCCC(CCOC(=O)CCC)S,catty; fruity; ripe; sulfurous; tropical,537754,537754
CC(C)CCOC(=O)CCC1=CC=CO1,caramellic; fermented; floral; fruity; green; sweet,538506,538506
CCOC(=O)CCCCCC=C,cognac; sweet,544127,544127
CCC(C)C(=O)C(=O)OC,caramellic; fruity; rum,545106,545106
CC(C)COC(C(C)C)OCC(C)C,alcoholic; cocoa; ethereal; fermented; green; malty,545267,545267
CCCCCCCCOC(=O)C(C)(C)C,apple; creamy; earthy; fruity; green; oily; waxy,545397,545397
CCCCCCCOC(=O)C(C)CC,apple; fresh; fruity; green; waxy,546235,546235
CC(C(C)S)S,beefy; fatty; meaty; roasted; sulfurous,548353,548353
CCCCCOC(=O)CCSC,fruity; pineapple; sulfurous; tropical,548370,548370
CCCCCCCCC(C(=O)OC)O,fruity; pineapple; sweet,549544,549544
CC(C=C(C)CCC=C(C)C)OC(=O)C,citrus; earthy; lemon; woody,549546,549546
CCCCC(CS)O,black currant; citrus; grapefruit; sulfurous,549674,549674
CCCCC(C(=O)OC)O,fresh; fruity; pineapple; winey,549676,549676
CCCCCCCCCC(=O)OCCCCC,brandy; fatty; oily; rum,550768,550768
CCCCCCCCCC(=O)OC(C)CCC,brandy; cognac; fruity; oily; sweet,551085,551085
CCCC(=O)OCC1CCCO1,apricot; fruity; pineapple; sweet; tropical,551316,551316
CCCCOC(C)OCC,alcoholic; cognac; ethereal; fruity; green,552119,552119
CCCSC=CC,alliaceous; garlic; onion,554181,554181
C1=COC(=C1)COC=O,bread; coffee; ethereal; nutty,556916,556916
CCOC(=O)CCSCC1=CC=CO1,garlic; nutty; onion; roasted; sulfurous,556940,556940
CC1CCC(C(C1)O)C(C)(C)O,mint,556998,556998
CCCCCC(=O)OCC1=CC=CO1,fatty; green; musty; waxy,557222,557222
CCCCCCC(=O)OCC1=CC=CO1,fermented; fruity; green; musty,557223,557223
CCCCCCCC1OCC(O1)C,citrus; green; lemon; orange; woody,560109,560109
CCC(C)CC(=O)OCC,fruity; pineapple,560255,560255
CCC(C(=O)OC)SC,cabbage; cheesy; fruity; sulfurous; sweet; tropical,560572,560572
CCCCC(=S)OC,cheesy; fruity; tropical,560787,560787
CCCCCCCCCC(=O)OCC1=CC=CC=C1,fatty; floral; waxy,562246,562246
C=CCC(C=O)C1=CC=CC=C1,chocolate; fruity; tomato,562563,562563
CCCCCCCCCOC(=O)CC1=CC=CC=C1,balsamic; citrus; fatty; floral; honey; waxy,562667,562667
CCCCCC(=O)OC(C)(CCC=C(C)C)C=C,dry; fruity; green,564550,564550
CC1CCC(C(C1)OC(=O)CC(C)C)C(C)C,balsamic; fruity; herbal; mint,565690,565690
CCC(C)C(OCC)OCC,apple; ethereal; fermented; fruity; green,568501,568501
CCCC(=O)OC(C)C1=CC=CC=C1,apple; apricot; berry; floral; fruity; green,570574,570574
CC(C)OC(=O)C1=CC=CC=C1NC,grape,570886,570886
CCCCCCC(=O)OC1=CC=C(C=C1)C,animal; aromatic; floral,572534,572534
CCCCC(=O)C1=CC=CS1,caramellic; nutty; roasted,574100,574100
CC1=CSC(=N1)CC(C)C,green; leafy; tomato; vegetable,574813,574813
CCCCOC(=O)C=CCCC,apple; banana; fruity; green,575426,575426
CCCCCCCCCOC(=O)CCCCC,ethereal; fruity; nutty; winey,576021,576021
CC1=C(C(CC=C1)(C)C)CCC(=O)C,rose; tobacco; waxy,577126,577126
CCOC(=S)C1=CC=CC=C1,cheesy; fermented; ripe; sulfurous,578278,578278
CCCC(=O)OC(C)(C)C1CCC(=CC1)C,balsamic; fruity; herbal; sour,578423,578423
CC1=CN=C(C(=N1)C)CC(C)C,animal; cocoa; hazelnut; mint; musk,578817,578817
CC1=C(C(CCC1)(C)C)CCC(C)O,floral; sweet; woody,579336,579336
CCN1C=CC=C1C=O,burnt; roasted,579338,579338
CC1=CC(=C(O1)C(=O)C)C,balsamic; caramellic; nutty; roasted,579675,579675
CCCCCCCC(=O)OC(C)CCC,fatty; fruity; green; oily; waxy; winey,581239,581239
CC1=CCC(CC1)C(C)(C)OC(=O)CC(C)C,citrus; floral; pine,585911,585911
CCCCCCCCCOC(=O)CCCCCCC,earthy; fatty; mushroom; oily; rose; sweet,589365,589365
C1CSSSS1,mushroom; sulfurous,593529,593529
CC1COC(O1)C2=CC=CC=C2,almond; cherry; odorless,595928,595928
CC(C)(C)C1=CC=C(C=C1)CC(=O)OC,chocolate; creamy; fruity; green; honey; milky; sweet; vanilla; woody,605629,605629
CC/C=C/CC/C=C/C=O,cucumber; fatty; green; leafy; vegetable; violet,636687,636687
C/C=C/C(=O)O,burnt; caramellic; milky; sharp; sour; spicy,637090,637090
C[C@@H](CCC[C@@H](C)CCC/C(=C/COC(=O)C)/C)CCCC(C)C,floral; fruity,637195,637195
C1=CC=C(C=C1)/C=C/C=O,cinnamon; spicy,637511,637511
CCCCCCCC/C=C/CCCCCCCC(=O)O,fatty,637517,637517
COC(=O)/C=C/C1=CC=CC=C1,balsamic; fruity,637520,637520
CCCCCCOC(=O)/C(=C/C)/C,fresh; fruity; green,637523,637523
C/C=C/C1=CC=C(C=C1)OC,anisic; herbal; sweet,637563,637563
C/C=C/C=C/C=O,citrus; fruity; green; sweet,637564,637564
CC(=CCC/C(=C/CO)/C)C,floral; rose; sweet,637566,637566
CCOC(=O)/C=C/C1=CC=CC=C1,balsamic; cinnamon; honey; plum,637758,637758
CC(=O)/C=C/C1=CC=CC=C1,cheesy; coumarinic; creamy; fruity; sweet,637759,637759
C/C=C/C1=CC(=C(C=C1)OC)OC,floral; spicy; sweet; tea,637776,637776
CC(=CCC/C(=C/C=O)/C)C,citrus; fresh; fruity; lemon,638011,638011
CC1=C(C(CCC1)(C)C)/C=C/C(=O)C,fruity; violet; woody,638014,638014
C1CCN(CC1)C(=O)/C=C/C=C/C2=CC3=C(C=C2)OCO3,odorless,638024,638024
CC/C=C/C(=O)O,caramellic; cheesy; fruity; sour,638122,638122
C/C=C/C(=O)OC,fruity; green; sharp,638132,638132
CCOC(=O)/C=C/C(=O)OCC,fruity; green; herbal,638144,638144
CCCC/C=C/CC,gasoline,638228,638228
CC(=CCC/C(=C/CC/C(=C/COC(=O)C)/C)/C)C,floral; green; melon; rose,638500,638500
CC[C@@H](C)CN,cheesy; fishy; ripe,641006,641006
C/C=C/CCCO,fatty; fruity; green; tomato; vegetable,641248,641248
C/C=C/C=C/CO,fruity; green; tropical; vegetable,641256,641256
COC1=CC=C(C=C1)/C=C/C=O,cinnamon; herbal; spicy; warm,641294,641294
COC1=CC=CC=C1/C=C/C=O,spicy; sweet; warm,641298,641298
C=CCOC(=O)/C=C/C1=CC=CC=C1,apricot; balsamic; fruity; peach; spicy; sweet,641423,641423
CC(C)/C=C/C(=O)O,berry; sour; tobacco,642039,642039
CC1=CC(=C(O1)C)SSC2=C(OC(=C2)C)C,meaty; roasted,642117,642117
CC/C=C/CC=O,apple; fresh; grassy; green; leafy; pungent; tomato,643139,643139
C/C=C/C=C/C(=O)O,odorless,643460,643460
CC/C=C\CC/C=C/C=O,cucumber; green; leafy; melon; violet,643731,643731
CC(=CCC/C(=C\C=O)/C)C,citrus; fruity; herbal; lemon,643779,643779
C/C=C\CO,ethereal; fruity; gasoline; sweet,643789,643789
CC(=CCC/C(=C\CO)/C)C,fresh; rose; sweet,643820,643820
C/C=C(/C)\C(=O)O,caramellic; spicy,643915,643915
CC/C=C\CC=O,fresh; grassy; green; leafy; pungent,643941,643941
CCOC(=O)C(C)C(C)O,fruity; grape; green,656467,656467
C1=CC=C2C(=C1)NC(=S)S2,burnt; garlic; sulfurous,697993,697993
CCOC(=O)/C=C/C1=CC=CO1,apple; balsamic; berry; floral; fruity,699489,699489
COC1=CC=CC=C1/C=C/C(=O)O,aromatic; balsamic,734154,734154
CC(=O)/C=C/C1=CC=CO1,cinnamon; coumarinic; spicy; sweet; vanilla; warm; woody,735940,735940
COC1=C(C=CC(=C1)[C@@H](C(=O)O)O)O,sweet; vanilla,736172,736172
CC(=O)/C=C/C1=CC=C(C=C1)OC,creamy; floral; sweet,736889,736889
CC(C)COC(=O)/C=C/C1=CC=CC=C1,balsamic; cocoa; fruity; peach; sweet; waxy,778574,778574
C/C=C/C1=CC(=C(C=C1)OC(=O)C)OC,balsamic; floral; fruity; spicy,876160,876160
C1=CC=C2C=C(C=CC2=C1)NC(=O)CSCC3=NC4=CC=CC=C4N3,cabbage; cheesy; dairy; fruity; ripe; tropical,877369,877369
C[C@]12CC[C@H](C1)C(C2=O)(C)C,camphoreous; mint; sweet,1201521,1201521
C[C@H]1CC[C@@H]2[C@]13CC=C([C@H](C3)C2(C)C)C,dry; fatty; sweet; tea; woody,1201552,1201552
CC/C(=C/C1=CC=CC=C1)/C=O,herbal; oily; spicy; warm,1384928,1384928
CC(C)/C=C/CCCCC(=O)NCC1=CC(=C(C=C1)O)OC,herbal,1548943,1548943
CC/C=C\CC1=C(CCC1=O)C,floral; fruity; jasmine,1549018,1549018
CC/C=C/CC1=C(CCC1=O)C,jasmine,1549019,1549019
CC(=CCC/C(=C\COC(=O)C)/C)C,floral; fruity; sweet,1549025,1549025
CC(=CCC/C(=C/COC(=O)C)/C)C,floral; fruity; green; rose; sweet,1549026,1549026
C1=COC(=C1)/C=C/C=O,cinnamon; fruity; herbal; nutty; spicy,1549521,1549521
CC(=CCC/C(=C/CCC(=O)C)/C)C,floral; fresh; fruity; green; rose,1549778,1549778
CCOC(=O)/C=C/C=C/C,fruity; green; tropical,1550470,1550470
CCCCCC/C(=C\C1=CC=CC=C1)/C=O,floral; jasmine; sweet,1550884,1550884
C/C=C\C1=CC(=C(C=C1)OCC2=CC=CC=C2)OC,balsamic; floral; spicy,1550886,1550886
C1=CC=C(C=C1)/C=C/COC(=O)/C=C/C2=CC=CC=C2,balsamic; cinnamon; floral; spicy; sweet,1550890,1550890
CC(=CCC/C(=C/C#N)/C)C,fruity; green; lemon; sweet,1551246,1551246
C/C=C\C(=O)C1=C(CCCC1(C)C)C,black currant; honey; plum; rose; tobacco,1616260,1616260
CC(=CCC/C(=C/CC/C(=C/CCC(=O)C)/C)/C)C,creamy; floral; sweet; winey,1711945,1711945
CCCCC/C(=C/C1=CC=CC=C1)/C=O,floral; jasmine,1712058,1712058
C[C@@H]1CCO[C@@H](C1)C=C(C)C,floral; green; metallic; rose; sharp,1712087,1712087
CC(=CCC/C(=C/C=C/C(=O)C)/C)C,berry; floral; fruity; orris; sweet; tea; woody,1757003,1757003
CC(=C)[C@H]1CCC(=CC1)C=O,fatty; herbal; spicy,2724159,2724159
CC(C1=CC=CS1)S,burnt; coffee,2724626,2724626
CCC/C=C/COC(=O)C,apple; banana; fresh; fruity; green; sweet,2733294,2733294
CC1=C(OC2=CC=CC=C12)C,spicy; tobacco,2734646,2734646
CCCCCCCCCCOC(=O)CCCCCCCC,floral; fruity; grape; oily; orange; winey,2829318,2829318
CC1COC(O1)CC(C)CCC=C(C)C,floral; green; herbal,2839799,2839799
CC1=CC(=C(C=C1)C)NC(=O)C(C)SC2=CC=CC=C2,fatty; fruity; waxy,2891065,2891065
CCOC(=O)CC=C(C)C,apple; berry; fruity; green; strawberry,3014523,3014523
CC1=CCC(C1(C)C)C(C)OC(=O)C,berry; floral; fruity; woody,3015865,3015865
CCCCC1=NC=CS1,green; herbal; tomato; vegetable,3015925,3015925
CC1C(=CCO1)SC2(CCOC2C)S,meaty; roasted,3015972,3015972
CCCC(CC=O)SC,buttery; green,3015979,3015979
CCOC(=O)C(C)SC,fruity; tropical,3016224,3016224
CCOC(=O)C(C)(C)SC,fruity; green; sulfurous; tropical,3016499,3016499
CCOC1=C(OC(C1=O)C)C,berry; caramellic; fruity; roasted; strawberry; sweet,3017596,3017596
CC(COC)C1=CC=CC=C1,floral; sharp,3017624,3017624
CC(=O)C1NCCS1,fishy; meaty; nutty; popcorn,3017762,3017762
CCOC(=O)CC(C)CC(C)(C)C,apple; floral; fruity; winey,3017783,3017783
CCCCCCCCC=CC(OCC)OCC,brandy; citrus; fruity,3018094,3018094
CCOC(CC(C)CCC=C(C)C)OCC,fatty; green; lemon,3018210,3018210
CCCCCCCCC=COC,aldehydic; citrus; fresh; green,3018221,3018221
CCCCCCCCCOC(=O)C1=CC=CC=C1N,fresh; sweet,3018362,3018362
CCCCCCCCCCCCC(OCC)OCC,citrus; fatty; waxy,3018383,3018383
CCCCCC(C)(CC(C)C)O,fruity,3018500,3018500
CCCC(=O)OCSC,cabbage; cheesy; fruity; milky; tropical,3018539,3018539
CC(C)CCOC(C)OCC(C)C,alcoholic; cognac; ethereal; green; nutty,3018567,3018567
CC(C)CCCCCCCCCCC=O,beefy; meaty,3018619,3018619
CCC(C)CCCCCCCCCCC=O,beefy; fatty; meaty,3018620,3018620
CC1CCC2=C(C(=O)OC2=C1)C,coconut; coumarinic; mint; sweet,3018936,3018936
CCCCCCCCCCCCCCCC(=O)OCCC(C)C,fatty; waxy,3019031,3019031
CCC(C)C(=O)OCCC(=C)C,apple; green,3019775,3019775
CC(C)CC(=O)OCCCSC,cheesy; fruity; sulfurous; tropical,3019958,3019958
CCOC(CC(C)C)OCC(C)C,alcoholic; cocoa; cognac; fermented; green; malty,3020407,3020407
CCOC(=O)CC(C)SCC,fruity; sulfurous; tropical,3021670,3021670
CC(C)(C)CC(C)(CC(C)(C)C)S,fatty; sulfurous,3022051,3022051
CCCCC(CC)C(=O)OCCC1=CC=CC=C1,aromatic; floral; rose; woody,3022280,3022280
CCCCCCCCCCCCCC(=O)OCC(C)CC,fatty; waxy,3022477,3022477
CCCCCC(=O)CCCC(=O)OCC,fruity,3022909,3022909
CCCCCC(C=C)OC(=O)C(C)C,fruity; mushroom,3022986,3022986
CCC(C)C(=O)OCC=C,fermented; fruity; green; oily; pineapple; sweet; tropical; waxy,3023083,3023083
CCC=CCCOC(=O)C(CC)CC,apple; fruity; green,3023392,3023392
CCCC(=O)OCCC1=C(N=CS1)C,fatty; meaty; nutty; roasted,3023838,3023838
CCCCCC(=O)OCCC1=C(N=CS1)C,fatty; meaty; nutty; roasted,3023839,3023839
CCCC(=O)OC1CC(CC(C1)(C)C)C,banana; fruity; mint; sweet,3023950,3023950
CC(C)CCOC(C1=CC=CC=C1)OCCC(C)C,almond; cherry; fruity; herbal; sweet,3024081,3024081
CC(CC(=O)C)SCC1=CC=CO1,burnt; chocolate; coffee; meaty; roasted,3025939,3025939
CC/C(=C(/C)\C(=O)C)/C,ketonic; spicy,3032731,3032731
C[C@H]1CC[C@H]([C@H]2[C@H]1C=C[C@@H](C2)C)C(C)C,burnt; dry; woody,3032853,3032853
CC1=CC/C(=C(/C)\CCC=C(C)C)/CC1,balsamic; citrus; floral; fruity; sweet; tropical; woody,3033866,3033866
CC1C=CCCC1(C)C=O,citrus; floral; green; leafy,3034463,3034463
CC(=O)OC(C)(C)C=C,banana; fruity; green; tropical,3084426,3084426
CCCCCCCCCCCCCCCC(=O)OCCCCC,fatty; waxy,3084526,3084526
CC(=CCSC(=O)C)C,fruity; green; sulfurous; tropical,3084571,3084571
CC(C)CC(=O)OC1=C(C=C(C=C1)CC=C)OC,aromatic; fruity; spicy; woody,3085213,3085213
CC(C)CCCCCCCCCC=O,citrus; fatty; waxy,3085519,3085519
CCCC(=O)OC(C)(C(=O)C)OC(=O)CCC,buttery; cheesy,3085610,3085610
CC1=C[N+](=CC(=N1)C)C(=O)C,hazelnut; nutty; popcorn; roasted,3085845,3085845
CC1=NC=CN=C1OC(C)C,fruity; green; sweet,3086387,3086387
CCCCCCC(CC)C=O,orange,3301251,3301251
CC1CCCC(=O)C1=O,burnt; caramellic; coffee; phenolic,3321360,3321360
CC1=C(C(=O)C=CO1)OC(=O)C(C)C,caramellic; strawberry; sweet,3354132,3354132
CCOCC1=CC=CC=C1O,animal; phenolic; smoky; sweet; vanilla,3486665,3486665
C1CCCCC=CCCCCC(=O)OCCCC1,berry; musk,3591866,3591866
CCCCCCCC(=O)COC(=O)C,fruity; herbal; warm,3722307,3722307
CCC1=CC=CC=C1S,alliaceous; meaty; roasted; smoky,3734338,3734338
CCCC1CC(=CC(=O)C1)C,herbal; spicy,3782139,3782139
CCOC(=O)COC1=CC=C(C=C1)C,anisic; cherry; cocoa; fruity; honey; nutty,4047281,4047281
CCC=C(C)C(=O)OC,fruity; green; melon; pineapple; strawberry; sweet,4056868,4056868
CC1C(=NC(S1)CC(C)C)C,burnt; chocolate; green; meaty; nutty; roasted; sweet; vegetable,4120025,4120025
CCCCCCCC(C)C=O,citrus; green; milky; sweet; waxy,4428124,4428124
CC(=O)OCCSC,fruity; sulfurous; tropical,4447651,4447651
CC1=C(C(=O)CO1)O,burnt; caramellic; roasted; sweet,4564493,4564493
CCCCCC=C1CCCC1=O,floral; fruity; green; herbal; jasmine,4574094,4574094
CC(=O)CC(C)(C)SC,catty; fruity; green,4682590,4682590
C1CC(OC1)COC(=O)C=CC2=CC=CC=C2,balsamic; spicy; sweet; winey,4925262,4925262
CCCCOCC1=CC(=C(C=C1)O)OC,pungent; sweet; vanilla; warm,5084146,5084146
CCCCOC(=O)CC(=O)OCC,apple; green; oily; winey,5140436,5140436
CCCOC(=O)/C=C/C1=CC=CC=C1,balsamic; sweet,5270647,5270647
CCOC(=O)/C=C\C(=O)OCC,apple; fruity; winey,5271566,5271566
CC(C)OC(=O)/C=C/C1=CC=CC=C1,balsamic; sweet,5273464,5273464
CCCCOC(=O)/C=C/C1=CC=CC=C1,balsamic; cocoa; fruity; sweet,5273465,5273465
CC(C)CCOC(=O)/C=C/C1=CC=CC=C1,balsamic; berry; cocoa; floral; fruity; sweet,5273467,5273467
C1=CC=C(C=C1)COC(=O)/C=C/C2=CC=CC=C2,balsamic; floral; sweet,5273469,5273469
CC(=CCC/C(=C/C(=O)O)/C)C,citrus; floral; fresh; fruity; green; herbal; woody,5275520,5275520
C[C@@H](CCC[C@@H](C)CCC/C(=C/CO)/C)CCCC(C)C,balsamic; floral,5280435,5280435
CCCCC/C=C\C/C=C\CCCCCCCC(=O)O,fatty; oily,5280450,5280450
CC1=CC(=O)CC([C@]1(/C=C/[C@@H](C)O)O)(C)C,floral; fruity; woody,5280462,5280462
C1=CC=C(C=C1)/C=C\CO,balsamic; floral; spicy; sweet,5280511,5280511
COC1=C(C=CC(=C1)/C=C/C=O)O,balsamic; cinnamon; spicy; vanilla,5280536,5280536
CC(=CCC/C(=C/CC/C(=C/C=O)/C)/C)C,citrus; oily; sweet; woody,5280598,5280598
COC1=CC(=CC(=C1O)OC)/C=C/C=O,spicy; sweet,5280802,5280802
CCCCC/C=C\C=C\C(=O)OCC,apple; pear,5281162,5281162
CCOC(=O)/C(=C/C)/C,caramellic; fruity,5281163,5281163
CC/C=C\CCO,fresh; grassy; green,5281167,5281167
CCC/C=C/C=O,apple; fresh; fruity; grassy; green; leafy; pungent; vegetable,5281168,5281168
C/C/1=C\CCC(=C)[C@H]2CC([C@@H]2CC1)(C)C,dry; spicy; woody,5281515,5281515
CC(=CCC/C(=C/C/C=C(\C)/C=C)/C)C,apple; berry; citrus; green; herbal; vegetable,5281516,5281516
CC(=CCC/C(=C/CCC(=C)C=C)/C)C,citrus; green; herbal; woody,5281517,5281517
C/C/1=C\CC(/C=C/C/C(=C/CC1)/C)(C)C,balsamic; earthy; woody,5281520,5281520
C[C@@H]1CC=C([C@@H](C1(C)C)/C=C/C(=O)C)C,berry; orris; sweet; violet,5281521,5281521
C/C/1=C/CCC(=C)[C@H]2CC([C@@H]2CC1)(C)C,dry; spicy; woody,5281522,5281522
C/C(=C/CCC1(C2CC3C1(C3C2)C)C)/CO,woody,5281531,5281531
C/C(=C/CCC1(C2CCC(C2)C1=C)C)/CO,animal; woody,5281532,5281532
C/C(=C\C/C=C(\C)/C=C)/CC/C=C(\C)/C=O,orange,5281534,5281534
C/C(=C\CCC(=C)C=C)/CC/C=C(\C)/C=O,fresh; fruity; orange; sweet; waxy,5281535,5281535
CC(=CC/C=C(\C)/C=C)C,anisic; citrus,5281553,5281553
CC1=CCCC(C1/C=C/C(=O)C)(C)C,balsamic; violet; woody,5282108,5282108
CC(=CCC/C(=C/COC=O)/C)C,fresh; fruity; green; leafy; rose,5282109,5282109
CC(=O)OC/C=C/C1=CC=CC=C1,balsamic; cinnamon; floral; fruity; spicy; sweet,5282110,5282110
CCCCC/C=C\C/C=C\CCCCCCCC(=O)OCC,fatty; oily,5282184,5282184
C/C=C/CC(=O)O,cheesy; fruity; green,5282706,5282706
CCC/C=C/C(=O)O,cheesy; fatty,5282707,5282707
CCCC/C=C/C(=O)O,caramellic; cheesy; fatty; fruity; grassy; green; sour,5282709,5282709
CCC/C=C/CC(=O)O,dairy; fruity; green; waxy,5282710,5282710
CC/C=C/CCC(=O)O,fatty; fruity; green,5282711,5282711
CCCCC/C=C\C(=O)O,chicken; creamy; dairy; fatty; musty; waxy,5282713,5282713
CCCCC/C=C/C(=O)O,chicken; creamy; dairy; fatty; musty; waxy,5282714,5282714
CCCC/C=C/CC(=O)O,dairy; fatty; fruity; green; melon; oily; waxy,5282716,5282716
CC/C=C\CCCC(=O)O,dairy; fatty; fruity; green; waxy,5282718,5282718
CCCCCC/C=C\C(=O)O,fatty; green,5282722,5282722
CCCCC/C=C/CC(=O)O,dairy; fatty; fruity; green; melon; waxy,5282723,5282723
CCCCCC/C=C/CC(=O)O,fatty; fruity; green; oily; waxy,5282725,5282725
CCCCC/C=C/CCC(=O)O,fatty; meaty; oily; savory,5282726,5282726
CCCCCCCCC/C=C/C(=O)O,fatty; fruity; green,5282729,5282729
CCCCCCC/C=C/CCC(=O)O,dairy; fatty; green,5282730,5282730
CCCCCCCCCC/C=C/C(=O)O,fatty; waxy,5282735,5282735
CC/C=C/C/C=C/C/C=C/CCCCCCCC(=O)O,fatty,5282822,5282822
CCCC/C=C/C=O,apple; fatty; fresh; fruity; green; pungent; sweet; vegetable,5283316,5283316
CC/C=C/CCC=O,creamy; fatty; green; melon,5283318,5283318
CCCCC/C=C/C=O,fatty; green; vegetable,5283324,5283324
C/C=C/CCCCC=O,creamy; fatty; fresh; fruity; green; melon,5283328,5283328
CCC/C=C/C=C/C=O,citrus; fatty; fruity; green; melon,5283329,5283329
CCCCCC/C=C/C=O,cucumber; fatty; melon; orris; waxy,5283335,5283335
CCCC/C=C/CCC=O,fatty; fruity; green; melon; waxy,5283337,5283337
CC/C=C/CCCCC=O,fresh; green; melon; tropical,5283338,5283338
CCCC/C=C/C=C/C=O,chicken; fatty; nutty,5283339,5283339
CCCCCCC/C=C/C=O,chicken; earthy; fatty; green; mushroom; waxy,5283345,5283345
CCC/C=C/CCCCC=O,cucumber; fatty; green,5283348,5283348
CCCCC/C=C/C=C/C=O,citrus; fatty,5283349,5283349
CCCCCCCC/C=C/C=O,citrus; fresh; lemon; orange; sweet,5283356,5283356
CCCCC/C=C/C/C=C/C=O,fatty,5283358,5283358
CCCCCCCCC/C=C/C=O,orange; waxy,5283361,5283361
CCCCCCCCCC/C=C/C=O,citrus; creamy; fatty; green; waxy,5283363,5283363
CCCCCCCCCCC/C=C/C=O,citrus; fatty; floral; green; waxy,5283366,5283366
CCCCCCCC/C=C/CCCCCCCC=O,chicken; fatty; meaty; roasted,5283381,5283381
CCCCCCCC/C=C\CCCCCCCC(=O)OCC(CO)O,oily; sweet,5283468,5283468
C1=CC=C(C=C1)/C=C/COC(=O)C2=CC=CC=C2N,floral; fruity; grape,5284369,5284369
CCCCC/C=C\C/C=C\CCCCCCCC(=O)OC,fatty; oily,5284421,5284421
CCCCCCCC/C=C\CCCCCCCCO,fatty,5284499,5284499
CC/C=C/CCO,apple; fatty; fruity; grassy; green; herbal; leafy; vegetable,5284503,5284503
CC(=CCC/C(=C/CCC(C)(C=C)O)/C)C,floral; green; woody,5284507,5284507
CCCCC/C=C/C/C=C/C/C=C/C/C=C/CCCC(=O)O,fatty; fishy,5312542,5312542
CCCCCC/C=C/C(=O)O,fatty; green,5312586,5312586
CCCCCCCCCCC(=O)C(=O)O,creamy; peach,5312887,5312887
CC1=CCC(CC1)/C(=C/CC=C(C)C)/C,balsamic; citrus; floral; sweet; tropical; woody,5315468,5315468
C1CCC/C=C\CCCCCCCC(=O)CCC1,animal; musk; sweet,5315941,5315941
CCCCC/C=C/C(=O)C,cheesy; dairy; earthy; fruity; mushroom; nutty; waxy,5317045,5317045
CCOC(=O)/C=C(\C)/CCC=C(C)C,green; rose; woody,5317247,5317247
CCCC/C=C/CO,fatty; green; pungent,5318017,5318017
CCC/C=C/CCO,floral; fresh; grassy; green; herbal,5318018,5318018
CCC/C=C/CO,fruity; green; leafy; sharp,5318042,5318042
CCCCC/C=C/C=C/C(=O)NCC(C)C,spicy,5318516,5318516
CCCCC/C=C/CO,citrus; cucumber; fatty; green; oily,5318599,5318599
CC(C)[C@H]1CC[C@](C=C1)(C)O,floral; herbal; musty,5319367,5319367
CC(C)C(CCC(=O)C)/C=C/C(=C)C,aromatic; hay; tea; tobacco,5319691,5319691
CC/C=C\C/C=C\C/C=C\CCCCCCCC(=O)OC,fatty; oily,5319706,5319706
CC/C=C(\C)/C=O,fruity; green; pungent,5319754,5319754
CCCSSSC,garlic; green; onion; sweet,5319765,5319765
CC(C)CC(=O)OCC1=CCC2CC1C2(C)C,fruity; herbal; woody,5319992,5319992
CC(=CC/C=C(/C)\C=C)C,floral; herbal; sweet; warm,5320250,5320250
CCCSS/C=C/C,nutty; onion; savory,5320722,5320722
CC1CCC2(O1)C(=CC(=O)CC2(C)C)C,floral; tea,5321925,5321925
C/C=C(\C)/C=O,almond; fruity; green; herbal,5321950,5321950
C/C=C/C=C/C(=O)OC,anisic; fruity; nutty; sweet; vanilla,5323650,5323650
CCC/C=C\CO,fresh; green; vegetable,5324489,5324489
C/C=C\C(C)C,gasoline,5326159,5326159
CC1COC(O1)/C=C(\C)/CCC=C(C)C,citrus; lemon; sweet,5338463,5338463
CCCC(=O)OC/C=C(/C)\CCC=C(C)C,floral; fruity; orange; sweet,5352162,5352162
CCCCCCCC(=O)OCC/C=C\CC,fatty; fruity; green; tropical; waxy; winey,5352267,5352267
CCCCC/C=C\CCC(=O)OC,fatty; fruity; green; pear; tropical; waxy,5352371,5352371
CCCCC/C=C\CC1CCC(=O)O1,buttery; creamy; dairy; fatty; peach; waxy,5352428,5352428
CC(=CCC/C(=C/C(OC)OC)/C)C,citrus; lemon,5352435,5352435
CCCC(=O)OCC/C=C\CC,buttery; fruity; green; winey,5352438,5352438
CCCCOC(=O)/C(=C/C)/C,caramellic; chamomile; ethereal; floral; fruity; herbal; sweet,5352450,5352450
CCC/C=C/COC(=O)C(C)CC,apple; fruity; green,5352459,5352459
CCC/C=C/COC(=O)CC(C)C,apple; buttery; fruity; tropical,5352460,5352460
CCC/C=C/COC(=O)CCC,fresh; fruity; green,5352461,5352461
CCC/C=C/COC(=O)CC,apple; fruity; pear; ripe,5352463,5352463
CC(=O)/C=C/C12C(CCCC1(O2)C)(C)C,floral; fruity; orris; sweet; violet; woody,5352481,5352481
CC/C=C\CCOC(=O)C(C)C,apple; fruity; grassy; green; pear,5352539,5352539
CCCCCC(=O)OCC/C=C\CC,fruity; green; pear,5352543,5352543
CC/C=C/CCOC(=O)C,banana; fruity; green; pear; sharp,5352557,5352557
CCCCC/C=C(\CCCC)/C=O,aldehydic; citrus; fatty; fruity; grassy; green,5352696,5352696
CCC/C=C\CCC(=O)OCC,fatty; fruity; green; pear; pineapple,5352770,5352770
CCOC(=O)CC/C=C/CC=C,fruity; pear; pineapple,5352798,5352798
CCC/C=C/CCC(=O)OCC,citrus; fruity; pear,5352799,5352799
CCCCC/C=C/CCO,green; melon; waxy,5352807,5352807
CC/C=C/CC(C)OC(=O)C,fruity; green,5352813,5352813
CCCCC/C=C\CCCOC(=O)C,citrus; fatty; floral; fruity; herbal; rose; waxy,5352830,5352830
C/C=C\CCCOC(=O)C,banana; fruity; green,5352834,5352834
CCC/C=C\CCCO,earthy; fresh; fruity; green; herbal; sweet,5352836,5352836
CC/C=C\CCCCO,fruity; green; melon; mushroom,5352837,5352837
CCCCCCCCC/C=C/CO,citrus; fatty,5352845,5352845
CCC/C=C/1\C2=CC=CC=C2C(=O)O1,herbal,5352899,5352899
CCC/C=C/COC=O,fruity; green; rum,5352972,5352972
CCCCCC(=O)OC/C=C/CCC,apple; berry; fruity; green; pear; tea; waxy,5352973,5352973
CCCCC(=O)OC/C=C/CCC,apple; cognac; fruity; green; pear; pineapple; waxy; winey,5352974,5352974
CCCCCC(=O)OCC/C=C/CC,apple; fatty; fruity; green; pear,5352975,5352975
CCCCC(=O)OCC/C=C/CC,buttery; fruity; green; tropical,5352976,5352976
CC(=CCC/C(=C/COC(=O)C1=CC=CC=C1)/C)C,floral; rose,5353011,5353011
CC(=O)/C=C/C1=CC(=C(C=C1)O)OC,balsamic; creamy; spicy; sweet; vanilla; warm,5354238,5354238
CCC/C=C(\CC)/C=O,apple; fruity; lemon,5354264,5354264
CCOC1=C(C=C(C=C1)/C=C/C)O,phenolic; vanilla,5354280,5354280
C/C=C/C(=O)OCCC1=CC=CC=C1,dry; herbal; musty; rose; sweet,5354304,5354304
CCCCCCCC/C=C\CCCCCCCC(=O)OCCCC,fatty; fishy; oily,5354342,5354342
C/C=C/C(=O)OC(C)C,apple; chamomile; fruity; sweet,5354359,5354359
C/C=C/C(=O)OCC=C,fresh; fruity; pungent,5354763,5354763
CCCCCC/C=C\C=O,cucumber; fatty; melon; orris; waxy,5354833,5354833
CCCCCCC/C=C\C=O,fatty; orange; waxy,5354834,5354834
C1=CC=C(C=C1)/C=C/COC=O,apple; balsamic; fruity; herbal,5354883,5354883
C/C(=C/C1=CC=CC=C1)/C=O,balsamic; cinnamon; spicy; sweet,5354896,5354896
C/C(=C/C1=CC=C(C=C1)OC)/C=O,cinnamon; floral; fruity; spicy,5354898,5354898
CCCCCCCCC/C=C\C=O,citrus; fatty; orange,5354899,5354899
CC(C)/C=C\C=O,aldehydic; apple; cognac; fresh; green; woody,5354998,5354998
CC/C=C\CC(=O)O,cheesy; fruity; grassy; green; melon,5355152,5355152
CCCC(=O)OC/C=C/C1=CC=CC=C1,balsamic; floral; fruity,5355254,5355254
C1CCC/C=C\CCCCCCOC(=O)CCC1,fruity; musk; warm,5355293,5355293
CCCOC(=O)/C=C/C=C\C,fresh; fruity; green; pineapple; tropical,5355333,5355333
COC(=O)/C=C/C1=CC=CO1,cinnamon; fruity; spicy,5355414,5355414
CCC(=O)OC/C=C/C1=CC=CC=C1,balsamic; floral; fruity; rose; spicy,5355850,5355850
CC(C)C(=O)OC/C=C/C1=CC=CC=C1,apple; banana; pineapple; plum,5355851,5355851
CCC(=O)OC/C=C(\C)/CCC=C(C)C,fruity; grape; rose; sweet,5355853,5355853
CCCCCOC(=O)/C=C/C1=CC=CC=C1,balsamic; cocoa; floral; sweet,5355854,5355854
CC(C)CC(=O)OC/C=C/C1=CC=CC=C1,floral; green; herbal; rose,5355855,5355855
CCCC(=O)OC/C=C(\C)/CCC=C(C)C,fruity; rose; sweet,5355856,5355856
CC(=CCCC(C)(C=C)OC(=O)/C=C/C1=CC=CC=C1)C,balsamic; floral; sweet,5355858,5355858
C/C(=C/C1=CC=CC=C1)/C(=O)C,berry; caramellic; fruity; sweet,5355902,5355902
CCOC(/C=C/C1=CC=CC=C1)OCC,fresh; green; spicy; sweet,5356250,5356250
CCCCCOC(=O)/C=C\C,apple; chamomile; fresh; fruity; pungent,5356256,5356256
C/C=C/C(=O)OCC1=CC=CC=C1,herbal; spicy; warm,5356259,5356259
CCCCCC(=O)OC/C=C/C1=CC=CC=C1,balsamic; fruity; sweet,5356261,5356261
C/C=C(/C)\C(=O)OC,ethereal; fruity; herbal; rum,5356352,5356352
CC(=CCC/C(=C\CC[C@@](C)(C=C)O)/C)C,floral; green; woody,5356544,5356544
C/C=C\C(=O)C,fishy; fruity; musty; pungent; spicy,5356572,5356572
CCCCCCC/C=C\C(=O)O,fatty; fruity; orange; peach; sweet; waxy,5356596,5356596
C=C/C=C\C=O,green; pungent; spicy,5356697,5356697
CC1=CCCC(C1/C=C(/C)\C(=O)C)(C)C,floral; orris; sweet; violet,5356787,5356787
CC1=C(C(CCC1)(C)C)/C=C(/C)\C(=O)C,orris; woody,5356788,5356788
CCCCC/C=C\C,gasoline,5356796,5356796
CCCCCCCCOC(=O)/C=C\C,floral; fresh; fruity; herbal,5356896,5356896
CCCCCCOC(=O)/C=C\C,apple; fruity; pear; pineapple; woody,5356908,5356908
CCOC(=O)/C(=C\C1=CC=CC=C1)/C(=O)C,caramellic; fruity; spicy,5356940,5356940
C/C=C(\C)/C(=O)OCCC1=CC=CC=C1,dry; green; herbal; leafy; rose,5357002,5357002
C1CCC(CC1)OC(=O)/C=C/C2=CC=CC=C2,almond; balsamic; cherry; fruity; sweet,5357153,5357153
CC(C)C(=O)OC(C)(CC/C=C(/C)\CCC=C(C)C)C=C,fruity; pear; sweet; woody,5357159,5357159
CCC/C=C/CCC,gasoline,5357253,5357253
CCCCCC/C=C\C(=O)OC,coconut; fatty; green; violet,5357388,5357388
CCCC/C=C/C(C)O,earthy; green; melon; mushroom; nutty,5358336,5358336
CCCC/C=C/C(=O)OCC,apple; fruity; green; melon,5358363,5358363
CCC(=O)/C=C\C,green; horseradish; metallic; pungent; rum; spicy; tropical,5358374,5358374
CCCCC(CO)C(=O)C,fruity; herbal; spicy,5362561,5362561
CC1=C(SC(=N1)C)C=C,meaty; nutty,5362563,5362563
CCC(C)C1N=C(C(S1)C)C,chocolate; herbal; nutty; roasted; vegetable,5362564,5362564
CC(C)/C=C(\C)/C(=O)O,animal; cheesy; fruity; ripe,5362565,5362565
CC1=NC=CC(=N1)C(=O)C,animal; caramellic; meaty; nutty; roasted,5362572,5362572
CCC(CC)C(=O)OC/C=C(\C)/CCC=C(C)C,apple; fruity,5362579,5362579
CCCCC/C=C(\C)/C=O,aldehydic; citrus; fatty; fruity; green; waxy,5362580,5362580
CCOC(=O)C1C(O1)(C)C2=CC=C(C=C2)C,almond; cherry; floral; fruity; sweet; vanilla,5362581,5362581
CCCCC/C=C/CCC(=O)OCC,apple; fatty; green; pear; pineapple; waxy,5362583,5362583
CCC1N=C(C(S1)C)C,cocoa; meaty; musty; nutty; peach,5362584,5362584
CCC(C)C(=O)/C=C/C,hazelnut; metallic,5362588,5362588
CCCCC/C=C/COC(=O)CCC,berry; fruity; waxy,5362591,5362591
CCCCC/C=C/C=C/C(=O)OCCC,fruity; green; melon; pear; tropical; waxy,5362592,5362592
CC/C=C/CC(=O)OCC,fruity; green; pineapple,5362622,5362622
CC/C=C\CC(=O)OCC,apple; fresh; fruity; green; pear; pineapple; sweet; tropical,5362623,5362623
CC(C)C/C=C(/C=O)\C(C)C,cocoa; earthy; herbal; woody,5362661,5362661
CC/C=C\CCCCCC=O,aldehydic; citrus; cucumber,5362695,5362695
CCCCC/C=C/C=C/CO,chicken; fatty,5362696,5362696
CC/C=C\CCCCC=O,citrus; cucumber; fresh,5362720,5362720
CC/C=C/CC(=O)OC,fruity; green; honey; pineapple; tropical,5362782,5362782
CC/C=C\CCCCCO,fruity; green; melon; waxy,5362792,5362792
CC/C=C\CCC=O,creamy; green; vegetable,5362814,5362814
CC/C=C/CCC(=O)OCC,fruity; green; melon; vegetable; waxy,5362816,5362816
CC(C)CC(=O)OC/C=C(\C)/CCC=C(C)C,fruity; peach,5362830,5362830
CC/C=C\CC/C=C/CO,cucumber; green; herbal; violet,5362833,5362833
CC(=C)C(C/C=C(\C)/C=C)O,camphoreous,5362854,5362854
CC(=CC/C=C(/C)\CCO)C,floral; rose,5362876,5362876
CC/C(=C\C)/C=O,fruity; pungent,5362897,5362897
CC/C=C\CC/C=C/COC(=O)C,apple; cucumber; green; melon; nutty; spicy; violet,5363120,5363120
CC(C)/C=C/C(=O)C,berry; cheesy; metallic,5363140,5363140
CCCC/C=C/COC(=O)C,fatty; fruity; green; pineapple; sweet; tropical; waxy,5363203,5363203
CCC/C=C/CCOC(=O)C,banana; berry; fruity; green; sweet; tropical,5363206,5363206
CCCCCCC/C=C/COC(=O)C,citrus; fatty; fruity; waxy,5363207,5363207
CCCC/C=C/C(=O)C,earthy; fruity; mushroom,5363229,5363229
CCCCCCCC/C=C\CCCCCCCC(=O)OCCCCCC,oily; sweet,5363230,5363230
CC(C)CC/C=C/C(=O)C,creamy; earthy; fatty; green; meaty; nutty; oily,5363231,5363231
CCCCCC/C=C/C(=O)C,buttery; chicken; fatty; fruity; green; jasmine; savory; waxy,5363233,5363233
CCCCCCCC/C=C\CCCCCCCCOC(=O)C,fatty; fruity; oily,5363289,5363289
CC/C=C\CCOC(=O)C(=O)C,caramellic; green; spicy,5363291,5363291
CCC/C=C\COC(=O)C,fruity; green; tropical,5363374,5363374
CC/C=C\CCOC(=O)C,banana; fruity; grassy; green,5363388,5363388
C/C=C/C=C/COC(=O)C,apple; fruity; pear; pineapple; sweet; winey,5363491,5363491
C/C=C(\C)/C1CCC(O1)(C)C,camphoreous; citrus; fresh; mint,5363526,5363526
CCC/C=C/CCC(=O)C,berry; cheesy; dairy; fruity; herbal,5363537,5363537
CC(=O)/C=C/C1C(=C)CCCC1(C)C,floral; green; violet; woody,5363741,5363741
CC1=CCCC(C1/C=C/C(C)O)(C)C,berry; floral; violet,5363817,5363817
CC/C=C\CCOC(=O)C(C)O,fresh; green; leafy,5364231,5364231
CC/C=C\CC(OCC)OCC,apple; green; herbal; spicy,5364291,5364291
CCCCCC/C=C/C(=O)OCC,fatty; fruity; green; pear; pineapple; waxy,5364389,5364389
CCCC/C=C/CC(=O)OCC,fatty; fruity; pineapple; tropical,5364397,5364397
CCCCC/C=C/C(=O)OCC,fruity; green; pear; pineapple; tropical,5364399,5364399
CCC/C=C/C(=O)OC,fruity; green; musty; sharp,5364409,5364409
CCCCCCCC/C=C/CCCCCCCC(=O)OCC,oily; sweet,5364430,5364430
CCCCCCCC/C=C/C,gasoline,5364452,5364452
CCCC/C=C/CCO,earthy; fresh; herbal; melon,5364475,5364475
CCC/C=C\CCO,floral; grassy; green; herbal; melon,5364517,5364517
CC/C(=C/CC/C(=C/C=O)/C)/C,citrus; fresh; fruity; herbal; lemon,5364526,5364526
CCCCC/C=C/C(=O)OC,fruity; green; melon; pear,5364532,5364532
CCC/C=C/C(=O)C,cheesy; dairy; fruity; grassy; green; milky; sweet,5364578,5364578
CCCC/C=C/C=C/CO,chicken; cucumber; fatty; green; melon,5364586,5364586
CCCCC/C=C\CCO,fresh; green; melon; waxy,5364631,5364631
C/C=C(\C)/C(=O)OCC=C,berry; earthy; fruity; green; herbal; sweet,5364729,5364729
CC/C=C/C=O,apple; fruity; green,5364752,5364752
CCCCCC/C=C/CCCCCCCC(=O)OCC,fatty; oily,5364759,5364759
CCC/C=C/C(=O)OCC,fruity; green; rum; sweet,5364778,5364778
CCCCOC(=O)/C(=C\C)/C,caramellic; chamomile; floral; fruity; herbal; sweet; winey,5364789,5364789
CC/C=C\CO,citrus; ethereal; fruity; green,5364919,5364919
CC/C=C/CO,citrus; ethereal; fresh; fruity; green; metallic,5364920,5364920
CCCCCC/C=C/CO,chicken; fatty; green; melon,5364941,5364941
CCCCCCCCCC/C=C/CO,citrus; waxy,5364949,5364949
CCCCC/C=C\CO,fatty; floral; green; musty; vegetable,5364959,5364959
CCCCCCCC/C=C/CO,floral; rose; waxy,5365004,5365004
CCCCCC/C=C\CO,cucumber; green; melon; waxy,5365027,5365027
CC/C=C\CCOC(=O)CC,apple; citrus; green; pear; sweet; vegetable; waxy,5365049,5365049
CC/C=C\CCOC(=O)C(C)CC,apple; fruity; green; pear; pineapple,5365069,5365069
CCCCCCCC(=O)OC/C=C/CCC,earthy; fruity; green; oily; pear; winey,5365136,5365136
CCC/C=C/C(OCC)OCC,apple; fruity; green,5365137,5365137
CC/C=C\CCOC=O,apple; fruity; green; sharp,5365587,5365587
C/C=C\CCCO,fruity; green; tomato; vegetable,5365589,5365589
C1CCCCOC(=O)CCCCC/C=C\CCC1,musk,5365703,5365703
CC/C=C/C/C=C/CCO,chicken; cucumber; fatty; fishy; green,5365706,5365706
CCOC(/C=C(\C)/CCC=C(C)C)OCC,citrus; fresh; green,5365794,5365794
CC(/C=C(\C)/CCC=C(C)C)O,lemon; pine; woody,5365818,5365818
CCCOC(=O)/C=C/C,apple; caramellic; chamomile; ethereal; fruity,5365824,5365824
CCOC/C=C(\C)/CCC=C(C)C,floral; green; rose; spicy,5365847,5365847
CCCCC(=O)OC/C=C(\C)/CCC=C(C)C,apple; fruity; pineapple; rose; tobacco,5365850,5365850
CC(=CCC/C(=C/CC/C(=C/CCC(C)(C=C)O)/C)/C)C,balsamic; floral; rose; sweet,5365872,5365872
CCCCC(=O)/C=C/C,fruity; green; pineapple; sweet; tropical; vegetable,5365891,5365891
CC/C=C(\C)/C(=O)O,caramellic; green; strawberry; sweet,5365909,5365909
CC(=CCC/C(=C/C(=O)OC)/C)C,fruity; green; waxy,5365910,5365910
C/C=C/C(=O)C1C(C=CCC1(C)C)C,black currant; fruity; rose,5365916,5365916
CC1=CCCC(C1/C=C/C(=O)CCC=C)(C)C,berry; fruity; pineapple; sweet; woody,5365976,5365976
CCC(=O)OC/C=C(/C)\CCC=C(C)C,fruity; sweet,5365982,5365982
CC(C)C(=O)OC/C=C(/C)\CCC=C(C)C,floral; rose; sweet,5365991,5365991
CCCCCC(=O)OC/C=C(\C)/CCC=C(C)C,fruity; pineapple; rose; tropical,5365992,5365992
CCCCCCOC(=O)/C=C/C,apple; fruity; pear; pineapple; woody,5366038,5366038
CC(=CCC/C(=C/COC(=O)CC1=CC=CC=C1)/C)C,floral; honey; rose; sweet,5366044,5366044
C/C=C/C(=O)OC1CC(CCC1C(C)C)C,fresh; herbal; mint,5366049,5366049
C/C=C/C(=O)C1=C(C=CCC1(C)C)C,apple; floral; fruity; plum; rose; tea; tobacco,5366074,5366074
C/C=C/C(=O)C1C(=CCCC1(C)C)C,apple; black currant; mint; plum; rose,5366077,5366077
C/C=C(/C)\C(=O)OCCC(C)C,chamomile; floral; fruity; herbal; winey,5366155,5366155
CCCCC(/C=C/C)O,apple; cherry; fruity; pear,5366203,5366203
CC(=C)/C=C/CC(C)(C=C)O,citrus; floral; fresh; fruity; grape; woody,5366264,5366264
CCC/C=C/COC(C)OCC,apple; fresh; fruity; green; sharp; vegetable,5366366,5366366
C/C=C/SSC,fresh; onion; pungent,5366552,5366552
CCCCC/C=C/CC(=O)OC,fatty; fruity; green; pear,5366844,5366844
CCC/C=C/CCC(=O)OC,fruity; green,5366856,5366856
CC/C=C/C=C/CO,almond; cheesy; fatty; nutty,5367391,5367391
CCCCC/C=C/C=C/C=C,green; herbal,5367412,5367412
CCCCCCC/C=C/C=C/C=O,fatty; grapefruit; meaty; orange,5367530,5367530
CCCCCC/C=C/C=C/C=O,buttery; chicken; fatty; green; oily,5367531,5367531
CC/C=C\CCCO,creamy; fruity; grassy; green,5367536,5367536
CC/C=C\CCOC(=O)CC(C)C,apple; fruity; green,5367681,5367681
CC/C=C\CCOC(=O)CC1=CC=CC=C1,floral; green; honey; melon; sweet; tropical; waxy,5367698,5367698
CC/C=C\CCOC(=O)C1=CC=CC=C1,balsamic; green; herbal; sweet; woody,5367706,5367706
CC/C=C/CC1C(CCC1=O)CC(=O)OC,floral; jasmine,5367719,5367719
CC/C=C/C(=O)OCC,apple; banana; fruity; tropical,5367761,5367761
CCCOC(=O)/C(=C/C)/C,chamomile; fruity; green; mint; sweet,5367762,5367762
C/C=C(\C)/C(=O)OC/C=C/C1=CC=CC=C1,balsamic; floral; herbal; sweet,5367766,5367766
CC/C=C\CCOC(OCC/C=C\CC)C,green; herbal; sweet; vegetable,5367767,5367767
C/C=C(\C)/C(=O)OC/C=C(\C)/CCC=C(C)C,fruity,5367785,5367785
C/C=C(\C)/C(=O)OCC(C)C,chamomile; herbal; pungent,5367806,5367806
C/C=C(/C)\C(=O)OCC(C)C,chamomile; fruity; herbal; sweet; winey,5367807,5367807
CCCCC/C=C/CC1CCCC1=O,apple; creamy; fruity; green; jasmine; melon; peach; waxy,5367848,5367848
CCCCC(=O)OC/C=C/C1=CC=CC=C1,floral; herbal; rose,5367959,5367959
CCCCCCC/C=C/C(=O)OC,fatty; fruity; green; pear; tropical,5368064,5368064
CCC/C=C/COC(=O)CC1=CC=CC=C1,green; honey; rum,5368236,5368236
CCCCC/C(=C\C1=CC=CC=C1)/CO,floral; fruity; jasmine; pear; sweet; waxy,5368491,5368491
C/C(=C\CCC(C)(C)O)/C=C,citrus; fresh,5368785,5368785
C/C=C(\C)/C=C/C=C(C)C,herbal,5368821,5368821
C/C=C/C=C/C(=O)OC(C)C,fruity; green; tropical,5368972,5368972
CCOC(/C=C/C=C/C)OCC,green; tropical,5369044,5369044
CCC/C=C/C(=O)CC,coconut; fruity; mushroom,5369061,5369061
CCCCOC(=O)/C=C/C=C/C,fruity; green; tropical; waxy,5369076,5369076
CC/C=C\CCC(OCC)OCC,fruity; green; tropical,5369371,5369371
C1=CC=C(C=C1)CCOC(=O)/C=C/C2=CC=CC=C2,balsamic; sweet,5369459,5369459
CC(/C=C/C1=CC=CC=C1)O,balsamic; floral; fruity; sweet,5369489,5369489
CC(=C/C=C/C(=O)C)C,cinnamon; nutty; spicy,5370101,5370101
CCC/C=C/C1OCC(O1)C,fruity; green,5370364,5370364
C/C=C/S/C=C/C,garlic; onion; pungent; savory,5370448,5370448
C1=CC=C(C=C1)CC(=O)OC/C=C/C2=CC=CC=C2,balsamic; floral; honey; sweet,5370599,5370599
CC(C)C/C=C(/C=O)\C1=CC=CC=C1,cocoa,5370602,5370602
CCC(=O)/C=C/C1C(=CCCC1(C)C)C,floral; oily; orris; sweet; violet; woody,5371084,5371084
CC1=CC=C(C=C1)/C=C/C=O,balsamic; cinnamon; fruity; sweet; vanilla,5371802,5371802
CC/C=C\CCOC(=O)C1=CC=CC=C1N,fruity; grape; sweet,5372353,5372353
CC/C=C\1/C2=CC=CC=C2C(=O)O1,herbal; spicy; warm,5373603,5373603
CC1=C(C(CCC1)(C)C)/C=C/C(C)O,berry; floral; fruity; violet; woody,5373729,5373729
C/C=C/C(=O)C1=C(CCCC1(C)C)C,black currant; honey; plum; rose; tobacco,5374527,5374527
CC1CCC(=C(C1(C)C)/C=C/C(=O)C)C,berry; fruity; violet; woody,5375215,5375215
CCC(=O)/C=C/C1=C(CCCC1(C)C)C,woody,5375218,5375218
CCOC1=C(C=C(C=C1)/C=C/C)OC,balsamic; spicy; vanilla; warm,5382490,5382490
CCC(=O)OC/C=C\C=C\C,fruity; pineapple; sweet; winey,5383805,5383805
C/C=C/C=C\COC(=O)C(C)C,fruity; pineapple; sweet; tropical,5383810,5383810
CCCC/C(=C\C1=CC=CC=C1)/C=O,floral; fruity; green; herbal; jasmine,5385520,5385520
CC(C)C/C=C/C(=O)C,fresh; fruity; green; herbal; ketonic,5462986,5462986
C/C=C/C(=O)OCCC(C)C,apple; chamomile; fruity; rum; sharp,5463065,5463065
COC(/C=C/C1=CC=CC=C1)OC,cinnamon; fresh; green; herbal; spicy,5463228,5463228
CCCC(=O)/C=C/C,citrus; earthy; herbal; nutty; pungent,5463238,5463238
CCCCC/C=C\CCC(=O)OCC,floral; fruity; peach; pear; pineapple; strawberry,5463488,5463488
C/C=C(\C)/C(=O)OCCC(C)C,apple; chamomile; fruity; herbal; winey,5463682,5463682
CCC(=O)OC(C)C(=O)OSC,fruity; sulfurous; tropical,5463729,5463729
C1=CC=C(C=C1)/C=C(/C(CO)O)\O,almond,5463840,5463840
CCOC(=O)C(C)/C=C/C,fruity; green; melon; pineapple; strawberry; sweet,5463855,5463855
CCCCC/C=C/COC(=O)C,fresh; fruity; green; herbal; pear,5463875,5463875
CCCCCCC/C=C/C(=O)OCC,apple; citrus; fruity; green; pear; waxy,5463904,5463904
CCCC(=O)C(CC)CC1=CC=CC=C1,berry; fruity; mint; plum,5463905,5463905
CCCCCCC/C=C/C(=O)OCCCC,apricot; coconut; fruity; green; milky; peach; waxy,5463906,5463906
CC1=CC=C(C=C1)CCC(=O)C,floral; fruity; sweet,5463908,5463908
C/C=C/C1=CC(=C(C=C1)OC=O)OC,fresh; green; orris; sweet; woody,5463909,5463909
CCC(C)CCCC(C)C=O,citrus; fresh; fruity; green; melon; rose; sweet; vegetable; waxy,5463910,5463910
CCOC(CC(C)CCCC(C)(C)O)OCC,floral,5463911,5463911
CCCCCCCCCOC(=O)CC(C)C,fatty; fruity; nutty,5463914,5463914
CCCCC/C=C/CC/C=C/C=O,citrus; fatty; melon; waxy,5463933,5463933
CCOCC=C(C)C,alcoholic; brandy; sharp,5463936,5463936
CCCCCC(CCCC(=O)OCC(CO)O)O,buttery,5463954,5463954
CC/C=C/CCOC(C)OCC,fruity; grassy; green; musty; radish; vegetable,5463962,5463962
CC(=CC[C@@H](CO)C(=C)C)C,citrus; herbal; rose; spicy; warm,5464156,5464156
CCCCC/C=C/CCCO,cucumber; earthy; fatty; fruity; herbal; melon; waxy,5702619,5702619
CCCCC/C=C/CCC=O,citrus; fresh; fruity; orange,5702654,5702654
C1=CC=C(C=C1)/C=C/COC(=O)C2=CC=CC=C2,balsamic; spicy; sweet,5705112,5705112
CC1C(=O)C(=C(S1)C)O,burnt; meaty; roasted; savory; sulfurous,5743410,5743410
CC/C=C/CCOC(=O)/C=C/C1=CC=CC=C1,balsamic; fresh; green; herbal,5744267,5744267
CC1=C(C(CCC1)(C)C)/C=C/C(C)OC(=O)C,fruity; woody,5797328,5797328
CCC(=O)/C=C/C1=CC=C(C=C1)OC,buttery; caramellic; sweet,5803450,5803450
C/C/1=C/CC2C(CC2(C)C)C(=C)CCC1OC(=O)C,fruity; woody,5832948,5832948
CCCCC/C(=C\C1=CC=CC=C1)/C(OCC)OCC,floral; green; jasmine; leafy,5875676,5875676
CCCCC(CC)/C=C/C(=O)O,fatty; oily,5916286,5916286
CC(=CCC/C(=C/COC(=O)CC(=O)C)/C)C,apple; fermented; fruity; sweet,5956805,5956805
C/C=C/C(=O)OC/C=C(\C)/CCC=C(C)C,floral; herbal; rose; sweet,5980396,5980396
CCCCC/C(=C\C1=CC=CC=C1)/C(OC)OC,floral; green; jasmine,6005821,6005821
CCCCCC(CC)OC(=O)/C(=C/C)/C,fruity; spicy,6008212,6008212
CC1COC(O1)/C=C/C2=CC=CC=C2,cinnamon; spicy; sweet,6017272,6017272
CC/C=C\CCC1CCC(=O)O1,creamy; floral; fruity; green; peach; sweet; tropical,6019677,6019677
CC/C=C/CCOC(=O)C1=CC=CC=C1O,balsamic; floral; green; sweet; woody,6021887,6021887
CC(C)C(=O)OC/C=C(\C)/CCC=C(C)C,fruity; rose; sweet,6086514,6086514
C/C(=C\CCC(C)(C)OC(=O)C)/C=C,fresh; fruity; green; pineapple,6112709,6112709
C/C=C/C1=CC(=C(C=C1)OC(=O)CC2=CC=CC=C2)OC,honey; sweet; vanilla,6114390,6114390
CCOC(/C=C/C)OCC,ethereal; fruity; herbal; pungent; sharp,6278424,6278424
C1COC(O1)/C=C/C2=CC=CC=C2,cinnamon; spicy; sweet,6284401,6284401
CC/C=C/CCOC=O,apple; fruity; green; sharp,6306732,6306732
CCOC(=O)C/C(=C/C(=O)O)/C(=O)O,caramellic; fruity; rum; sweet; winey,6328581,6328581
CCCCCC/C=C/COC(=O)C,citrus; fruity; green; melon; waxy,6365451,6365451
CCCCCCCC(=O)OC/C=C(\C)/CCC=C(C)C,fruity; herbal; rose,6365696,6365696
CC/C=C/CCCCCOC(=O)C,fatty; green; melon; pear; waxy,6365752,6365752
C/C=C/CC/C=C/C=O,fatty; green; vegetable,6365761,6365761
CC/C=C/C/C=C/C=C/C(=O)OCC,green; pear,6365780,6365780
CC/C=C/CCOC(=O)CC(=O)C,apple; earthy; green; sweet,6365957,6365957
CCCCCCOC(=O)C(C)/C=C/C,berry; fruity; grape; green; melon; pear,6366072,6366072
CCCCCCCCCC(=O)OCC/C=C/CC,fatty; fruity; green; waxy,6366077,6366077
CC/C=C/CCOC(=O)CCC(=O)C,apple; caramellic; earthy; fruity; green,6366078,6366078
CCC/C=C/COC(=O)C(C)O,fresh; green; leafy; tropical; waxy,6366079,6366079
CCCC/C=C/CCOC(=O)CC,melon; pear,6366446,6366446
CC/C=C/C/C=C/C/C=C/CCCCCCCC(=O)OCC,fatty; oily,6371716,6371716
C/C=C(\C)/C(=O)OCCC(C)CCC=C(C)C,leafy; rose,6386037,6386037
CCCCC/C=C\C/C=C\C=C\C=O,fishy; fresh; metallic,6421281,6421281
CCCCC/C=C/C=C/C(=O)C,fatty,6427130,6427130
CCCCC(=O)OCC1=CC=C(C=C1)OC,apricot; fruity; sweet,6428088,6428088
CC(=C)[C@@H]1CCC(=C)[C@H](C1)O,citrus; herbal; mint,6428442,6428442
CCC(S)S,onion; sulfurous,6428546,6428546
CCC/C=C\C=O,fresh; fruity; grassy; green,6428782,6428782
CC1=C(N=C2CCCC2=N1)C,burnt; earthy; nutty; roasted,6428802,6428802
CSCC/C=C(\CSC)/C=O,cabbage; meaty; potato; sweet; vegetable,6428936,6428936
C/C=C/C1=CC(=C(C=C1)OC(=O)CC(C)C)OC,aromatic; fruity; herbal; spicy; sweet; woody,6428969,6428969
CCC(=O)C1=NCCS1,bread; nutty; popcorn; roasted,6428990,6428990
CSSSCC1=CC=CO1,coffee; pungent; roasted,6429059,6429059
CC1(C2CC=C(C1C2)COC=O)C,spicy; sweet,6429195,6429195
CC1C(=O)C=CO1,bread; buttery; caramellic; nutty; roasted; sweet,6429310,6429310
CC/C=C/C/C=C/CCOC(=O)C,fresh; fruity; green; melon; pear,6429325,6429325
C/C=C(/C=O)\C1=CC=CC=C1,cocoa; floral; honey; musty,6429333,6429333
CCOC1=C(C=C(C=C1)CC=C)OC,herbal; musty; spicy; sweet; tea; warm,6429690,6429690
CCOC(=O)C(C)(C1=CC=CC=C1)O,creamy; sweet; vanilla,6429709,6429709
CCC1=C(SC=C1)CC,meaty; onion; roasted,6429937,6429937
CCCCCCC/C=C/CCC=O,citrus; fishy,6430162,6430162
CCCCC/C=C/CCCCC=O,citrus; fatty; waxy,6430166,6430166
CCC/C=C/CCCCCCC=O,citrus; fatty; waxy,6430169,6430169
CCCCCCC/C=C\CCC=O,citrus; fishy,6430180,6430180
CCCCC/C=C\CCCCCCC=O,citrus; fatty; fresh; fruity; orange; sweet,6430188,6430188
CCCCCOC(=O)/C(=C\C)/C,apple; chamomile; floral; fruity; jasmine; sweet; winey,6430804,6430804
CCCCCOC(=O)/C(=C/C)/C,floral; fruity; herbal; sweet,6430805,6430805
CC(CO)C(C)S,green; meaty; onion,6430892,6430892
CCCCC/C=C\CC=O,cucumber; green,6431042,6431042
C/C=C/CCCCCCCC=O,citrus; orange; sweet; waxy,6431148,6431148
CCCC(CCCC(=O)OCC)O,fatty; pineapple,6432923,6432923
CC(C)CC(=O)OCC/C(=C/CC=C(C)C)/C,apple; fruity; rose; tropical,6433150,6433150
CCCC/C=C/1\C(=C(C(=O)O1)C)C,dairy,6433214,6433214
CC(=CCC/C(=C/C(C=O)O)/C)C,floral; green; herbal; sweet,6433322,6433322
C/C=C(\C)/CO,alcoholic; earthy; fruity; green; herbal; winey,6433417,6433417
CCCCCC(/C=C/C1=CC=CC=C1)OC(=O)C,balsamic; floral; fruity; spicy,6433507,6433507
CCC/C=C/CCC(=O)O,dairy; fatty; fruity; green; oily; waxy,6433715,6433715
CCC/C=C/C=C/CCCO,citrus; floral; orange; waxy,6433790,6433790
CCC/C=C\CC(=O)O,dairy; fruity; green; waxy,6434067,6434067
CC(=CCC/C(=C\CC[C@@](C)(C=C)OC(=O)C)/C)C,fresh; woody,6434513,6434513
CC/C=C\C/C=C\CCO,fresh,6434541,6434541
CCCCCCC(=O)OCC/C=C/CC,fatty; fruity; green; tropical; waxy,6434621,6434621
CC/C(=C/CCC(C)(C=C)OC(=O)C)/C,floral; fresh; fruity; pear,6434672,6434672
CC/C=C/CCOC(=O)/C(=C\C)/C,fruity; green; herbal; vegetable,6435033,6435033
CC(C)C(=O)/C=C\C1=CC=C(C=C1)OC,buttery; caramellic; fruity,6435821,6435821
C1=CC=C(C=C1)CCCOC(=O)/C=C\C2=CC=CC=C2,balsamic; fruity; rose; sweet,6435823,6435823
C/C=C\C(=O)OCC(C)C,apple; fruity; pineapple; rum,6435824,6435824
CCCOC(=O)/C=C\C1=CC=CO1,apple; fruity; honey; pear; spicy; strawberry; sweet; tropical,6435825,6435825
CC/C(=C\C1=CC=CO1)/C=O,caramellic; coconut; leathery; nutty; spicy; vanilla,6435826,6435826
C/C(=C/C1=CC=CO1)/C=O,cinnamon; spicy,6435828,6435828
C/C=C/C=C/C(=O)OCC=C,fruity; melon; pineapple; sharp; sweet,6435833,6435833
CCCCC/C(=C/C1=CC=CC=C1)/COC=O,balsamic; buttery; floral; green; herbal; sweet,6435834,6435834
CCCCC/C(=C/C1=CC=CC=C1)/COC(=O)CC(C)C,floral; fruity; hay; herbal; spicy; tobacco,6435835,6435835
CC1=CCC(CC1)C(C)(C)OC(=O)/C=C/C2=CC=CC=C2,balsamic; fruity; spicy; sweet,6435837,6435837
CCCC/C=C(\CC)/C=O,fatty; green; nutty,6435838,6435838
CCCCCCCOC(=O)/C=C/C1=CC=CC=C1,earthy; floral; green,6435839,6435839
CC/C=C/CC1=C(C(=O)CC1)C,herbal; jasmine; sweet,6435841,6435841
CCCCCCOC(=O)/C=C/CCC,fatty; fruity; green; sweet; waxy,6435861,6435861
C/C=C/C(C)C(=O)O,cheesy; fruity; hazelnut,6435866,6435866
CC(=CCC/C(=C\CS)/C)C,berry; catty; fruity; grapefruit; green; mint; sulfurous,6435868,6435868
CC/C=C\CCCC=O,cucumber; fresh; green; melon,6435869,6435869
CC/C=C\CCOC(=O)C/C=C\CC,apple; fruity; green; leafy; melon; pear; tomato; violet,6435882,6435882
C/C=C/CCCCCCCC(=O)OC,cognac; fatty; green; musty,6435903,6435903
CC(C)/C=C(/C=O)\C1=CC=CC=C1,floral,6435914,6435914
C/C=C(\CSC)/C=O,potato,6435925,6435925
CC/C=C(\C)/C(=O)OCC,berry; rum; sweet,6436311,6436311
CCCCC/C=C\C=C\C(=O)OC,pear,6436336,6436336
CCC/C=C/C(=O)OCCC,fresh; fruity; green,6436368,6436368
CC(=CCC/C(=C\COC(=O)CC1=CC=CC=C1)/C)C,floral; honey; rose; sweet,6436374,6436374
CC/C=C/CCC1(CCC(=O)O1)C,coconut; floral; jasmine,6436439,6436439
CCC/C=C/C(OC)OC,apple; fruity; green,6436486,6436486
CCC/C=C/C=C/CO,chicken; fatty; melon,6436488,6436488
CCCCCCC/C=C/C=C/CO,chicken; fatty,6436491,6436491
C/C=C(\C)/COC(=O)C,banana; fruity; green,6436502,6436502
C/C/1=C\CCC(=C)/C=C/C(CC1)C(C)C,hay; herbal; mint; tea; tobacco; woody,6436582,6436582
CCCCCC(=O)OC/C=C\CCC,apple; fruity; green; pear,6436647,6436647
CCCCC/C=C\C(=O)OCCCC,fruity; green; oily; pear,6436679,6436679
CC1=CCCC(C1/C=C\C(C)C=O)(C)C,orris; woody,6436703,6436703
CCCCCC/C=C\C=C/CO,fatty,6436850,6436850
CC(=CCC/C(=C/COCC=O)/C)C,aldehydic; floral; fresh; rose,6436989,6436989
CC/C=C/CCOC(=O)/C=C/C,apple; fruity; green; tropical,6436990,6436990
CC/C=C/CC1CCCC1=O,balsamic; coconut; creamy; dairy; floral; fruity,6437002,6437002
CC/C=C/CCOC(=O)OC,green; violet,6437112,6437112
CC/C=C/CC/C=C/C(OCC)OCC,cucumber; fresh; green; melon; violet,6437114,6437114
CCC/C=C/CCOC(=O)C(C)C,apple; fruity; green,6437137,6437137
CC(=CCC/C(=C/COC(=O)C1=CC=CC=C1N)/C)C,floral; fruity,6437163,6437163
CC1=CCC(C1(C)C)/C=C\C(C)C(C)O,musk,6437266,6437266
C/C=C(\C)/C(=O)OC1CC(CCC1C(C)C)C,floral; fruity; herbal; sweet,6437267,6437267
CCC(C)COC(=O)/C=C/C1=CC=CC=C1,balsamic; berry; cocoa; floral; fruity; sweet,6437294,6437294
CCCCCCOC(=O)/C=C/C1=CC=CC=C1,balsamic; fruity; herbal; warm,6437300,6437300
CCCCCC[C@H](C/C=C\CCCCCCCC(=O)OCC)O,fatty; oily,6437405,6437405
CC(=CCC/C(=C/CC1CCCC1=O)/C)C,apricot; fresh; fruity; peach,6437428,6437428
CC1CC(OC(O1)/C=C(\C)/CCC=C(C)C)(C)C,citrus; herbal; lemon; oily,6437441,6437441
CC1=CCCC(C1/C=C(\C)/C(C)OC(=O)C)(C)C,aromatic; berry; fruity; woody,6437467,6437467
CCC/C=C/COC(=O)C1=CC=CC=C1O,aromatic; fresh,6437473,6437473
CC(=CCC/C(=C/C1OCC(O1)CO)/C)C,lemon,6437578,6437578
C/C=C/C=C/1\C(=CC(=O)CC1(C)C)C,dry; fruity; hay; tobacco; woody,6437599,6437599
CCC(C)C(=O)OC/C=C(\C)/CCC=C(C)C,apple; fruity; peach; rose; sweet,6437648,6437648
CCCCCOC1=C(C=C(C=C1)/C=C/C)OC,balsamic; floral; spicy; tea,6437735,6437735
CCCC/C=C/CCCCC(=O)OCCC(C)C,brandy; herbal; winey,6437805,6437805
C/C=C/C(=O)C1CCC(C=C1C)(C)C,apple; floral; fruity; rose,6438067,6438067
CC/C=C/CC1CCCC(=O)O1,coconut; creamy; fatty; fruity; jasmine; milky; peach,6438070,6438070
CCCCC/C=C\C=C\C(=O)OCCC,pear; tropical; waxy,6438200,6438200
CCCCC/C=C\C=C\C(=O)OCCCC,fatty; fruity; green; pear,6438203,6438203
C/C=C/CCC1CCCC(=O)O1,apricot; floral; fruity; oily; peach,6438319,6438319
CCCCCCCCC/C=C/COC(=O)C,citrus; fatty; fresh; fruity,6441593,6441593
CC/C=C\C/C=C/C=C/C=O,fatty; fishy,6442642,6442642
CC/C=C(/C=O)\C1=CC=CC=C1,cocoa; floral; honey,6450204,6450204
CCCCCC(=O)OC/C=C/CC,banana; fruity; green; tropical; waxy,6450462,6450462
CC1CCC2(O1)C(=C)C=CCC2(C)C,earthy; floral; fruity; green; winey; woody,6450832,6450832
CCC(C)(CCC=C(C)C)OC(=O)C,citrus; floral; fruity; sweet,6452201,6452201
CCCCCCC1COC(=O)CO1,buttery; creamy; fatty; nutty; sweet,6455146,6455146
CCOC(C)OCC1=CC=CC=C1,fruity; green; sweet,6455283,6455283
CCCCCCCC/C=C/C=C/C=O,fatty,6504553,6504553
CC(=CCC/C(=C/C(=O)C)/C)C,citrus; fresh; fruity; grapefruit; lemon; rose,6536892,6536892
CCCC(=O)OC/C=C/C=C/C,buttery; cheesy; dairy,6537958,6537958
CC(CC/C=C(\C)/CCC=C(C)C)C=O,aldehydic; floral; fresh,6538156,6538156
CCCC/C(=C/C)/C=O,fatty; hazelnut; roasted; sweet,6540477,6540477
CC/C=C\CCCC(=O)OC,coconut; dairy; fruity; green; tropical; vegetable,6914062,6914062
CCC[C@@H]1CCO[C@H](S1)C,fruity; green; sulfurous,6931726,6931726
C[C@H](COC(=O)C(C)C)C1=CC=CC=C1,balsamic; fruity; sweet,6951519,6951519
CCCCC[C@H](C=C)O,fruity; mushroom,6992244,6992244
CCCC[C@@H](C)CCC(=O)O,cheesy; fatty; meaty; musty,6997333,6997333
CCCCC[C@@H](C)CCC(=O)O,dairy; fatty; milky,6997340,6997340
CCCC[C@@H](CC)CCC(=O)O,cheesy; dairy,6997350,6997350
C[C@H]1C(=N[C@H](O1)C)C,cocoa; green; musty; nutty; vegetable; woody,6999038,6999038
CCCC[C@@H](C)C(=O)O,cheesy; fatty; fruity; sour,6999858,6999858
CCCCC[C@@H](C)C(=O)O,cheesy; fatty; oily; sour,6999928,6999928
CCCC(=O)OC[C@@H](C)C1=CC=CC=C1,floral; fruity; spicy; sweet; woody,7017232,7017232
C[C@@H](CC=C)C(=O)O,cheesy; strawberry,7019646,7019646
C[C@@H]1CC(CC(=O)C1=O)(C)C,caramellic; musty; sweet; tea,7022165,7022165
C[C@@H]1CCC2=C1N=CCN2,earthy; hazelnut; nutty; potato; roasted,7365222,7365222
CC[C@@H](C)SS[C@@H](C)CC,alliaceous; green; meaty; savory; sulfurous; vegetable,7458634,7458634
CCCCCCC(=O)OC(C)CCC,apple; banana; fruity; green; oily; pear; winey,9815597,9815597
C=CCSSSSSSCC=C,alliaceous; garlic; onion; roasted; savory; sulfurous,9882013,9882013
C=CCSSSSSCC=C,alliaceous; garlic; onion; roasted; savory; sulfurous,10131025,10131025
CC1CCC(C(C1)OC(=O)CCC(=O)O)C(C)C,odorless,10199004,10199004
CCCCCCC(O)S,fruity; tropical; vegetable,10441848,10441848
CCCC(=S)OCC,cheesy; cocoa; fruity,10582821,10582821
CCCCC1(CCC(=O)O1)CCCC,buttery; coconut,10608036,10608036
C1COC(=O)C1CC=O,burnt; caramellic,10796756,10796756
CCCCNC1=CC=CC=C1C(=O)OC,grape,10867491,10867491
CCOC(CS)OCC,meaty,10942622,10942622
CCCCCCC1=CCC(=O)O1,dairy; fatty; fruity,11008317,11008317
CC(=C)[C@@H]1C[C@H]2[C@](O2)(C(=O)C1)C,ethereal,11030188,11030188
CCC(=O)N1CCC=C1,bread; nutty; popcorn; roasted,11094611,11094611
C[C@@H]1CC[C@@H]2[C@]13CCC(=C)[C@H](C3)C2(C)C,fatty; sweet; woody,11106485,11106485
CC(C)CCCCCCCCCCCCCC=O,fatty,11107909,11107909
CCCCC(C(=O)OC)OC(=O)C,apple; fruity; pineapple,11137872,11137872
CCC(C)(CC(=O)C)S,black currant; catty; floral; fruity; meaty; sulfurous,11263567,11263567
CCCCC/C=C\CCCC(=O)O,dairy; fatty; green; waxy,11286864,11286864
CCC(=O)CC(C)(C)S,citrus; fruity; grape; tropical,11332546,11332546
CC(C)(C)C(=O)OCC=C,fruity; green; herbal; tropical,11344071,11344071
C=CC1=C(CCCC1)C=O,fruity; green,11378520,11378520
CCCCCCCC(=S)OC,cabbage; cheesy,11423867,11423867
CC(=O)OCCCCCCCS,citrus; fruity; peach; tea,11629741,11629741
CCCCCCCCCC(=S)OC,cabbage,11788920,11788920
CCCCCCCCCCCCC(C)C=O,beefy; fatty; meaty,11790917,11790917
CC(C)C(=O)OC(C)(C)C1=CC=CC=C1,apricot; fruity; peach; plum; sweet,11830590,11830590
C/C(=C\C=O)/CCC1CC1(C)C,lemon,11962784,11962784
CC1[C@H]2C[C@@]2(C[C@H]1O)C(C)C,camphoreous; mint,11967982,11967982
CC/C=C/CCC1CCCC(=O)O1,buttery; floral; jasmine; peach,11969488,11969488
CC(CCC=C(C)C)CC1OCCO1,floral; green; herbal; sweet,11970548,11970548
CC1COC(O1)(C)C(C)O,buttery; fatty; fruity,11971259,11971259
CCCC[C@@H](CCOC)S,black currant; fruity; green; tropical,12009861,12009861
CCCCCC(C=O)SC,citrus; green; roasted; savory; sulfurous; tropical,12244492,12244492
CC(C)C(C=O)C1=CC=CC=C1,fruity; green,12255414,12255414
CCCCCC(=O)OC(C)CC,fruity,12284668,12284668
CCCCSSSCCCC,garlic; onion,12481804,12481804
CCCCCOC(C)OC,alcoholic; cognac; ethereal; green; vegetable,12613663,12613663
CCCCOC(C)OC,alcoholic; cognac; ethereal; green; vegetable,12651581,12651581
CC1=CC(=O)CO1,bread; buttery; caramellic; nutty; roasted; sweet,12711594,12711594
CCCOC(CC(C)C)OCCC,cocoa; ethereal; fermented; fruity; green; malty,12731072,12731072
CCCCCCCCCC(=O)OC1CC(CCC1C(C)C)C,floral; herbal; mint,12738086,12738086
CCCCCCCCCCC1=CC=CO1,fatty; spicy,12762300,12762300
CCCCCCCCCCC(C(=O)C)C(=O)OCC,floral; fruity; waxy,12809178,12809178
CSCC1=CC=CS1,alliaceous; mushroom; onion; savory; sulfurous,12872111,12872111
CCOC(C1=CC=CC=C1)OC,almond; green,12936743,12936743
CC1=C(OC=C1)CS,coffee; roasted; sulfurous,12943526,12943526
C/C=C/C(=O)[C@@H]1[C@H](C=CCC1(C)C)C,black currant; fruity; rose,12978217,12978217
CC1=C(C=CO1)SC(C)C(=O)C,sweet,12980878,12980878
CCNC1=CC=CC=C1C(=O)OC,citrus; grape,13097902,13097902
CCC(COC(=O)C)C(=O)OCC,apple; fruity; pineapple; tropical,13140453,13140453
CCCCCCCCC(C(=O)OCC)O,fruity,13179210,13179210
CCC(C(=O)OCC)S,black currant; fruity; grape; green; sweet; tropical,13182665,13182665
CCC(=O)C(C1=CC=CC=C1)O,caramellic; creamy; floral; sweet,13183557,13183557
CCCCCC1C(=C(C(=O)O1)C)C,green; tea,13192443,13192443
CCOC(=O)CC(C)(OCC)OCC,apple; fresh; fruity,13227122,13227122
CCC/C=C/CC(=O)C,dairy; earthy; fatty; fruity; green; herbal; spicy,13244981,13244981
CCOC(=O)C1=CC=CC=C1CO,animal; floral,13250020,13250020
CC1=CC=C(C=C1)C2C(O2)C(=O)OC,berry; fruity; sweet,13327048,13327048
CC(CS)C(C)O,meaty; onion; savory; sulfurous,13353282,13353282
CCCCOC(CC(C)C)OCCCC,cocoa; fermented; fruity; green; herbal; malty,13406641,13406641
CC(=O)C1=CNCCS1,nutty; popcorn; roasted,13447131,13447131
CCC(C(=O)OC)OC(=O)C,apple; fruity; pineapple; tropical,13468584,13468584
CCCCCCC(=O)C(=O)CC,caramellic; fruity; green; hay; tea,13501357,13501357
CCCCC(=O)CCO,cheesy; green; pungent; roasted,13614902,13614902
CCCCCC1C(O1)C=O,aldehydic; citrus; fatty,13694693,13694693
CC(C)C(=S)OC,fruity; sulfurous,13716562,13716562
CCCC/C=C\CC=O,fresh; fruity; green,13774146,13774146
CCCC/C=C\CCCC=O,citrus; fatty; fresh; fruity; green; melon,13940628,13940628
CC[C@@H](C)CCCCCCCCC=O,citrus; fatty; waxy,13965455,13965455
CCC(C)C(=S)OC,cheesy; fruity; ripe; sulfurous; tropical; vegetable,14116469,14116469
CCCCOC(=O)C(C)S,brothy; fruity; meaty; sulfurous; tropical; vegetable,14181799,14181799
CCC(C(=O)OC)S,black currant; fruity; green; sweet; tropical,14181805,14181805
CCC(=O)C(C)(C(=O)OCC)O,buttery; milky; sour; sweet,14249069,14249069
CCCC(=O)C(C)(C(=O)OCC)O,buttery; fruity; sour; sweet,14249070,14249070
CCC(C)CCCCC=O,citrus; fatty; green; orange; sweet,14297102,14297102
C/C(=C\CCC(=C)C=C)/C=O,fresh; fruity; green,14400165,14400165
CC(CCC=C(C)C)CC(C)(C)O,citrus; floral; grapefruit,14614417,14614417
CC(C)CC1N=CCS1,green,14701079,14701079
CCCCCCOC(=O)CCC(=O)C,caramellic; fruity; warm; winey,14745448,14745448
CC(=O)C(=O)OCC=C,burnt; caramellic; ethereal; fruity; rum; sweet,14790534,14790534
CCCCCCCCCCC(C(=O)OC)OC(=O)C,buttery; fatty; peach,14952082,14952082
CC(C)(C1=CC=CC=C1)OC=O,floral; fruity,15141631,15141631
CC(=O)OCCCCS,alliaceous; cheesy; fruity; hazelnut; pungent,15210716,15210716
COC(=O)CCSCC1=CC=CO1,coffee; earthy; fruity; meaty; nutty; roasted; sulfurous,15225386,15225386
CCOC(=O)C(C)CS,fruity; sulfurous; tropical,15289599,15289599
CCOC(=O)SCC1=CC=CO1,sulfurous,15540144,15540144
C1=CC=C(C=C1)CCC(=O)C2=CC=CN2,caramellic; vanilla,15662052,15662052
CC(C)CCSSSCCC(C)C,garlic; onion,15667721,15667721
CCCSSCC1=CC=CO1,meaty; roasted; savory,15743318,15743318
CSC/C(=C/C1=CC=CC=C1)/C=O,cabbage; green; onion; vegetable,16204499,16204499
CC(C)CC(=O)OCCC(C)CCCC(=C)C,floral; fruity; rose,16204529,16204529
C1CCC(CC1)CC2=NC=CN=C2,cocoa; earthy; green; musty; nutty,16204532,16204532
C/C=C/C(=O)OC(C)(C)CC1=CC=CC=C1,fruity; herbal; spicy; warm,16205756,16205756
CCCC(=O)OC1=C(OC=CC1=O)CC,berry; caramellic; fruity,16205802,16205802
CCCCCCCCCCCCCCCCCC(=O)OC1CC(CCC1C(C)C)C,odorless; waxy,16205867,16205867
CCCC(=O)OC1CC(CC=C1C)C(=C)C,fruity; herbal; mint,16205868,16205868
CC1(CSSSS1)C,garlic; onion; sulfurous,16664423,16664423
CCCC(=O)CSC,fruity; sulfurous; sweet; vegetable,17822157,17822157
CC1C2=C(C=CC=C2OC1=O)C,coconut; coumarinic; hay; sweet,17867063,17867063
CCCOS(=S)C,fresh; garlic,17977981,17977981
CC(=O)OC(C1=CC=CC=C1)O,floral; green; phenolic,18363691,18363691
CC1OCCC(S1)(C)C,green; herbal; sulfurous; tropical,18539813,18539813
CC1(CCOCS1)C,fruity; herbal; meaty; spicy; sulfurous; tropical,18539818,18539818
CC(C)CCC(=O)OCC=C,apple; fatty; fruity; pineapple,18696447,18696447
CCC(C)COC(=O)CC(C(=O)OCC(C)CC)O,fatty; fermented; fruity; oily; winey,18718393,18718393
CCC(C)C(=O)OCCCCO,fruity,18728909,18728909
CC(C)CCCCOC(=O)C(C)C,fruity; herbal; oily; winey,18757749,18757749
CCCC(=O)OCCCCO,fruity,19022215,19022215
CCCC(=O)OC1=CC=CO1,buttery; caramellic; strawberry,19425778,19425778
CCC(CS)C(=O)OCC,fruity; ripe; sweet; tropical,19737259,19737259
CCC(C)C(=O)S,cheesy; fruity; sulfurous,19820742,19820742
CCCC(=O)OC(C)CC1=CC=CC=C1,floral; spicy,19857768,19857768
CCCCC1C(O1)C=O,citrus; grassy; green,19876973,19876973
CCC(OCC(C)C)OCC(C)C,alcoholic; ethereal; fermented; green,19963983,19963983
CCC(OCC)OCC(C)C,cognac; ethereal; green,19964035,19964035
CCC(OC)OCC,brandy; cognac; ethereal,19964037,19964037
CCCCC(O)S,brothy; catty; citrus; grapefruit; green,19989124,19989124
CCC(C)CCCCCCC=O,citrus; cucumber; fresh; green; rose; sweet,20224800,20224800
CC1=C(C(CCC1)(C)C)C(=O)CC(C)SC,cocoa; sweet; tea,20332432,20332432
CC1CC(C(O1)C)S,meaty; roasted; sulfurous,20442793,20442793
CCC(C)C(=O)OCC1=CC=CO1,fruity,20560364,20560364
CCCCCCC=CC=C,gasoline; green; herbal; oily,20981461,20981461
CCC1=CN=C(C=N1)C(=O)C,nutty; popcorn,21186827,21186827
CCCCCCCCCCCC(=O)OCCC(C)CCC=C(C)C,floral; odorless; waxy,21263168,21263168
CC1=NC(=CS1)CC(C)C,fruity; green; nutty; tropical,21304742,21304742
CCCCSSS,horseradish; onion; radish,21545434,21545434
CC(C1=CC=CO1)SC,coffee; onion,21546135,21546135
CCC(C)C(=S)OCC,cheesy; earthy; fruity; ripe; sulfurous; tropical; vegetable,21660211,21660211
CC(C)CC1SC(SS1)CC(C)C,nutty; roasted,21773712,21773712
CC(=C(C)C1CCCCO1)C,camphoreous; fresh; herbal,21856063,21856063
C=CCCCC1CCCC(=O)O1,buttery; creamy; sweet,21885377,21885377
CCCCC1(CCCCC1)OC(=O)C,floral; fruity; woody,21932488,21932488
CC1=CC=CC=C1SSC,meaty; roasted; sulfurous,21940939,21940939
CC(=CCC/C(=C/C(C)(C)O)/C)C,earthy; herbal; melon; pine,21972054,21972054
CC(C)C/C=C(/CSC)\C=O,herbal; meaty; onion; spicy,21999737,21999737
CCCCC(OCCCC)OCCCC,alcoholic; fermented; green; nutty,22011445,22011445
CCCCCC(OCCCCC)OCCCCC,apple; cognac; green; oily,22011447,22011447
C=CCOC(=O)CC1CCCCC1,fruity; sweet,22034852,22034852
CCCCCCOC(=O)/C=C/C=C/C,fruity; green; tropical; waxy,22034999,22034999
CCCCCC1=NC=CS1,cocoa; earthy; fatty; green; nutty; vegetable,22150015,22150015
CCCC(=O)OCCCCC(C)C,fruity; herbal; oily; winey,22169177,22169177
CCC(C(=O)OC1CC(CCC1C(C)C)C)O,fresh,22182802,22182802
CC(C)CCCCOC(=O)C,fruity; green,22182954,22182954
CCCOC(=O)C(C)S,fruity; meaty; strawberry; tropical,22251515,22251515
CCCCCCOC(=O)C(CC)S,fruity; grapefruit; green; herbal; tropical,22321042,22321042
CCCOS(=O)(=S)CCC,fresh; onion,22472261,22472261
CC(=O)CC1=CC=CN1,burnt; earthy; fruity; meaty; roasted,22507249,22507249
CCCCCC(CC)OC=O,floral; fruity; green; pine; waxy,22757845,22757845
CCC1(COC(=O)O1)C,ethereal; milky,22928293,22928293
CC(=O)CSSC,green; onion; sweet,22952976,22952976
CC(C)CCOC(=O)C(C)C1=CC=CC=C1,balsamic; fruity; sweet,22973762,22973762
CC(C)C=NCC1=CC=CO1,aldehydic; chocolate; floral; green,23037164,23037164
CC(C)C1CCC(CC1=O)(C)S,citrus,23341028,23341028
CCCCC1=C(N=C(S1)C)C,green; nutty; roasted; vegetable,23383487,23383487
CC1CC(C2=NC=CN=C12)C,burnt; earthy; nutty; roasted,23572848,23572848
CCCC(=O)CCCC(=O)OCC,fruity,24727453,24727453
CC1=C(C=CO1)SSSSC2=C(OC=C2)C,beefy; meaty,24832089,24832089
C/C=C/C(=O)OC/C=C(/C)\CCC=C(C)C,fresh; fruity; rose,36689269,36689269
CC(=O)OCCCCCCSC(=O)C,fruity; sulfurous; tropical,42635449,42635449
C/C=C/C=C/C(=O)OCCC(C)C,fruity; green; tropical; waxy; winey,44443281,44443281
CC/C=C\C/C=C/CCO,apple; banana; cucumber; fatty; green; vegetable,44630408,44630408
CC1=CC=C(O1)CSSC,alliaceous; coffee; pungent; roasted; sulfurous,45108274,45108274
CC(=O)CCC1=NC=CS1,burnt; nutty; roasted,45121670,45121670
CCCC1OCCC(S1)C,garlic; onion; sweet,46195362,46195362
CCCCCC(=O)OCCCSC,fruity; onion; pineapple; savory; sulfurous; tropical,46779102,46779102
CSCCCOC(=O)CS,alliaceous; brothy; meaty; nutty; onion; radish; savory; sweet,46779104,46779104
CC(C)CC1NC(SC(S1)CC(C)C)CC(C)C,meaty; potato; roasted; savory,46941523,46941523
CNC1=CC=CC=C1C(=O)OCCC2=CC=CC=C2,citrus; grapefruit; orange,51979789,51979789
CCCCCCCCCC=CC(=O)OCC,fatty; green; melon; pear,53401860,53401860
CCCCC(OCC(C)C)OCC(C)C,alcoholic; fermented; green,53421444,53421444
CCC(OCC)OCCC(C)C,alcoholic; ethereal; fermented; green,53422435,53422435
CCCCCOC(CCC)OCC,alcoholic; cognac; ethereal; fermented; green,53422437,53422437
CCCOC(C(C)C)OCC,alcoholic; cocoa; ethereal; fermented; green; malty,53422438,53422438
CCCCCCOC(C)OCCC(C)C,alcoholic; ethereal; fruity; green,53422473,53422473
CC1=NC=C(N=C1C)C(=O)C,aromatic; green; nutty; roasted,53423848,53423848
CCC1=CN=CC(=N1)C(=O)C,hazelnut; nutty; popcorn,53423849,53423849
CCCCCCCC=C(CCCCCC)C=O,metallic; orange,53424309,53424309
CC=CC(=O)OCC1=CC=CO1,earthy; mushroom,53424389,53424389
CCCSSSCC,alliaceous; garlic; onion; pungent; roasted; sulfurous,53425122,53425122
CC(C)CC(=O)OCCC(C)(C)S,fruity; grape; sulfurous; tropical,53425775,53425775
CCC(C)COC(C)OCC,alcoholic; cognac; ethereal; green; nutty; pungent,53427914,53427914
CCC(C)COC(C)OCCC(C)C,alcoholic; cognac; ethereal; green; nutty,53427962,53427962
CCCCOC(C)OCCC(C)C,alcoholic; cognac; ethereal; green; vegetable,53428090,53428090
CCOC(C(C)C)OCCC(C)C,alcoholic; cocoa; ethereal; fermented; green; malty,53428112,53428112
CCCCCOC(C)OCCC(C)C,alcoholic; cognac; ethereal; green; vegetable,53428150,53428150
CCCOC(C)OCCC(C)C,alcoholic; cognac; ethereal; green,53428151,53428151
CCC(C)CCCCCCCCCCCCC=O,fatty,53428368,53428368
CCCCCCOC(=O)C=CCCCCC,fatty,53436656,53436656
CC(=C)C=CSC,garlic,53436964,53436964
CCCC=CO,green; sharp,53438915,53438915
CCCCCC=C(C)O,earthy; floral; fruity; green; herbal,53445325,53445325
CC(C)C(=O)SCSC,cheesy; fruity; green; roasted; sulfurous; tropical; vegetable,53471898,53471898
CCCCC=COC(=O)C1=CC=CC=C1,balsamic; green; herbal; woody,53649670,53649670
CCCCC=COC(=O)C=CCCC,apple; fruity; green; melon; pear; pineapple; tropical,53680649,53680649
CCCC=CCCCCC=O,green; herbal,53683233,53683233
C1CCCOC(=O)C=CCC1,coconut; coumarinic; fruity; tobacco,53689298,53689298
CCCC=CC=CC=CC=O,citrus; fatty; fishy; oily,53763665,53763665
C1=CSC(=C1)C(=O)CCO,burnt; caramellic; meaty; roasted,53830717,53830717
CCCCCC(=S)OC,cheesy; fruity; green; pineapple; sulfurous; tropical,53859205,53859205
CCCC=CC=CC=CC=C,earthy; fruity; green; leafy; woody,53930276,53930276
C1=CC=C(C=C1)C=C(C=O)C2=CC=CO2,floral; honey; spicy; sweet; warm,53953985,53953985
CCCCCCCCCCC(=O)OCCC(C)C,brandy; oily; rose,53959463,53959463
CCCCCCC=COC(=O)CC,apple; banana; fruity; green; pineapple; waxy,54034681,54034681
CCCCCCCCC=CC=CC=CC=O,fatty,54134573,54134573
CCCCC=COC(=O)CCC,fruity; green; pineapple; tropical,54142174,54142174
CCC=CC(=O)OC(C)C,ethereal; fruity; green,54155447,54155447
CCCCCCCC=CC=CC=CC=O,fatty,54238690,54238690
CCC=C(C)OC=O,ethereal; fruity; green; winey,54239805,54239805
CCCCCCCCCC=CC=CC=CC=O,fatty; oily,54343029,54343029
CC1=CC(C(CC1)C(C)C)S,fresh; fruity; grapefruit; tropical,54383830,54383830
CCC1(CSSS1)CC,garlic; sulfurous,54395009,54395009
CCCCC=COC(=O)C(C)C,apple; fresh; fruity; green; pineapple,54449870,54449870
CCCCCCCC=CC=CC=CC=CC=O,fatty; oily,54506697,54506697
CCCCCCCCCC=CC(=O)OC,fatty; fruity; green; melon; pear,54531251,54531251
C([C@H]([C@@H]1C(=C(C(=O)O1)O)O)O)O,odorless,54675810,54675810
C(C(C1C(=C(C(=O)O1)O)O)O)O,odorless,54676860,54676860
CCCCCCCC1C(O1)C=O,citrus,55253565,55253565
CCCCCC1=NC(=CS1)C,fermented; vegetable,55295883,55295883
COC1=CC=CC=C1CC2CC2,anisic,56618482,56618482
CCC1C(=NC(S1)CC(C)C)C,chocolate; nutty; roasted; vegetable,56843050,56843050
CCC1=C(SC(=N1)C)CC,earthy; green; nutty; roasted; vegetable,57250522,57250522
CC(C)CCOC(C(C)C)OCCC(C)C,alcoholic; cocoa; ethereal; fermented; green; malty,57347853,57347853
CC(C)CCOC(CC(C)C)OCCC(C)C,alcoholic; cocoa; fermented; green; malty,57347944,57347944
CC(=CC(=O)C=C1COC1=O)C,camphoreous; mint; sweet; tea; tobacco,57349573,57349573
CCCCCCCCCC(=O)OCCC(C)CCC=C(C)C,floral; odorless; rose; waxy,57353225,57353225
CCCCCCOC(CCCCC)OCCC(C)C,apple; cognac; green; oily; sweet,57355543,57355543
CCCCC=CC1C(CC(=O)O1)C,green; milky; nutty,57357659,57357659
CCCCCC(=S)OCC=C,fruity; pineapple; tropical,57370186,57370186
CCCCCC(C)OC(=O)CC(C)C,fruity; green; herbal; oily; winey,57371062,57371062
CCCCCCCOC(=O)CCC(C)C,fruity; herbal; oily; winey,57458171,57458171
CCOC(=O)CCCCSC,fruity; green; sulfurous; tropical,57509241,57509241
CCCCCCCCCCOC(=O)CCC(C)C,fruity; oily,58105461,58105461
CCC1N=C(CS1)C,creamy; dairy; meaty; peach; roasted; tomato; tropical,58165301,58165301
CCOC(=O)C(C)CSC,alliaceous; fruity; green; tropical,59744161,59744161
CCCCCCCCOC(=O)CCC(C)C,cognac; fruity; green; oily,59912546,59912546
CCCCCCC(=O)CSC,cheesy; citrus; meaty; tomato; vegetable,62692338,62692338
CCCCCC(=O)CSCCC,black currant; floral; grapefruit; jasmine; sweet,65130002,65130002
CCCCCCCC1(CC1)C(=O)O,balsamic; green; herbal; waxy; woody,66026407,66026407
CC(=C)C(=O)C(C)(C)C1=CC=CC=C1,floral; fruity,66930827,66930827
CC1C(C=C2C1(C=CCC2(C)C)C)O,fruity,66963592,66963592
CCCCCCCCCCCCCCCC(=O)OC1CC(CCC1C(C)C)C,odorless; waxy,67120007,67120007
CCCCCCCCCCCCCC(=O)OCC=CC1=CC=CC=C1,balsamic; odorless; waxy,67253117,67253117
CCCCCCCC(=O)OC1CC(CCC1C(C)C)C,floral; herbal; mint,67253664,67253664
CC(=O)OC(C=CC1=CC=CC=C1)OC,balsamic; floral; fruity; spicy,67531795,67531795
CC(C)C1(CCCCC1)OC(=O)C,camphoreous; fruity; mint; sweet; woody,67890804,67890804
CC1=C(OC(=N1)C)CC(C)C,burnt; earthy; green; roasted; vegetable,68031543,68031543
C1CCCCC=CC(=O)OCCCC1,fruity; mint; sweet,68411792,68411792
CC(C)CCOC(=O)CCCC1=CC=CO1,buttery; fruity; sweet,68968644,68968644
CC(OC)OC(C)OCC1=CC=CC=C1,almond; fruity; green; sweet,68968648,68968648
CCCCCC(OCC(C)C)OCC(C)C,apple; cognac; green; oily,70418333,70418333
CCCCCC=CO,fatty; fruity,71349956,71349956
CCCCC=CC(=O)C(C)C,fresh; fruity; herbal; ketonic,71355598,71355598
CCCC(CC=O)SC(=O)C,citrus; grapefruit; sweet,71356951,71356951
CCCCCCCCCCCC(=O)OC(C)CCC,fatty; oily; waxy; winey,71364274,71364274
CCCCC=CC=CO,green; leafy; mushroom,71366249,71366249
CCCCCCCC=CC=CO,green; herbal; mushroom,71397942,71397942
CCOC(C)C1=NC=CN=C1,earthy; nutty; potato; roasted; woody,71406239,71406239
CCCCCCC=CCC(=O)OCC,fruity; green; pear; waxy,71407321,71407321
CCCCCC(CCCC(=O)OCC)OC=O,dairy,71468629,71468629
CCCCC/C=C\CCOC(=O)C,citrus; fatty; fresh; fruity; green; melon; waxy,71586960,71586960
CCCCCCCCCC(=O)OCC1=CC=CO1,caramellic; creamy; fatty; waxy,71587144,71587144
CC(C)/C=C(/CSC)\C=O,herbal; pungent; spicy,71587152,71587152
CC/C=C\C/C=C\CCOC(=O)C,fresh; fruity; green; melon,71587306,71587306
CC(C(=O)OCC1CCCO1)S,savory; sulfurous; tropical,71587372,71587372
CCC(C)/C=C(/CSC)\C=O,herbal; meaty; onion; spicy,71587376,71587376
C[C@H]1N2CCC[C@H]2S[C@H](S1)C,meaty; roasted,71587434,71587434
CCCCCC(CCCC(=O)OCC1COC(O1)(C)C)O,fatty; peach; sweet,71587572,71587572
CC/C=C\C/C=C/CCOC(=O)C,fresh; fruity; green; melon; pear,71587638,71587638
CC1C(CCO1)SSC2=C(OC=C2)C,meaty; savory; sulfurous,71587678,71587678
CC1=C(C=CO1)SSCSC,beefy; meaty; roasted; sulfurous,71587703,71587703
CC(C)CCCOC(=O)CC(C)C,fruity; green; pungent; sharp,71587815,71587815
CCC1C(=NC(S1)C(C)CC)C,chocolate; nutty; roasted; vegetable,73456809,73456809
CCCCCCCC=CC(=O)OCCCC,fatty; woody,73555259,73555259
CCCCC=COC(=O)C=CC1=CC=CC=C1,balsamic; green; herbal,73604801,73604801
CCC=C(C)SC,creamy; meaty; savory; sulfurous,73811382,73811382
CCCCOC1=C(C=C(C=C1)C=CC)OC,balsamic; floral; spicy; sweet,74934545,74934545
CC(=CCCC(=CCCC(C)(C1CO1)O)C)C,floral; fruity,75987722,75987722
CCC1CCC2=NC=CN=C12,coffee; earthy; musty; nutty; roasted,76852387,76852387
CCC(C(=O)OCC)OC(=O)C,fruity; mint,78067165,78067165
CCC=CCCCC1CCCC(=O)O1,dairy; fatty; waxy,78122470,78122470
CCCC(CO)C(=O)OCC,berry; fruity,83043387,83043387
CC(=C)C=COC(=O)C1=CC=CC=C1,balsamic; floral; sweet; tea,85377469,85377469
CCOC(=S)C=CC,fruity; grape; plum; sulfurous; sweet,85423699,85423699
CCCCC=COC(=O)C1=CC=C(C=C1)OC,anisic; floral; fruity; green,85431481,85431481
CCCC=C(CC1=CC=CC=C1)C=O,floral,85438801,85438801
CCCCCCCC=CO,fresh; green; melon; waxy,85445514,85445514
CC1C(=O)C=C2C1(C=CCC2(C)C)C,fruity,85517881,85517881
CCCCCCC(C=O)S,citrus; fresh; fruity; grapefruit; green,85644846,85644846
CCCCCC=CC(=O)OCCC,fatty,85686435,85686435
CCCCCCC(C(=O)OCC)OC(=O)C,fruity; oily; tropical; winey,86194442,86194442
CCCC(C)OC(=O)C(C)O,caramellic; fruity; oily; winey,86250565,86250565
CCCCC(=S)OCC,cheesy; fruity,86258204,86258204
CC(C)CCOC(CC(C)C)OCC(C)C,alcoholic; cocoa; cognac; fermented; green; malty,86278356,86278356
CC(C)C1=C(C=CC=N1)C(=O)C,grassy; green; herbal; leafy; violet,86280216,86280216
CCCCOC(=O)C/C=C/CC,apple; fruity; green; tropical,87287812,87287812
CCOC(=S)C(=C)C,fruity; grape; onion; plum; sour; sulfurous; sweet,87734154,87734154
CS1=CNCC1,garlic,87786474,87786474
CCCCOC(=S)C(=C)C,fruity,87985826,87985826
CC1=CC(C(CC1)C(C)C)C=O,citrus; green; lemon; rose,87986756,87986756
CCO/C(=C\C)/C(=O)OCC,apple; caramellic; chamomile; fruity,88090815,88090815
CC(C)CCCOC(=O)CCC(C)C,fruity; herbal; sweet; waxy,88168807,88168807
CCCC(O)SCC,meaty; nutty; savory; sulfurous,88326924,88326924
CCCC(=O)OC(CC)COC(=O)C,fruity; sweet,88572921,88572921
CCC(C(=O)C)C(=S)OCC,fruity; meaty; sulfurous; tropical,88706933,88706933
CCCCCC1=CSC(=N1)C,green; meaty; vegetable,89610154,89610154
C1=COC(=C1)CC2=C(OC=C2)CC3=CC=CO3,floral; fruity,89886495,89886495
CCCCOC(C)OCC(C)CC,alcoholic; cognac; ethereal; green; vegetable,90476041,90476041
CCCCCC=COC(=O)CC(C)C,apple; fruity; green; tropical,91300039,91300039
CCCC(CS)OC(=O)C,fruity; green; tropical,91753512,91753512
CC(CCCOC(=O)C)C1=CC=CC=C1,floral; fresh; fruity; green,101292526,101292526
CCCCC(=O)OCCC1CCCCC1,apple; fruity; sweet,101297869,101297869
CCCCCOC(C)OCCCC,alcoholic; cognac; ethereal; green; vegetable,101588415,101588415
CCCCCC(OCC)OCCC(C)C,apple; cognac; green,101599349,101599349
CCC(C)CC(=O)OCCC(C)C,apple; fruity; herbal; oily; tobacco,101635002,101635002
CC(C)CC(=O)OCCC1CCCCC1,apple; fruity; sweet,101653893,101653893
CCCCCCCCC(C(=O)OCC)OC(=O)C,fruity,101821981,101821981
CCCCCCOC(CCCCC)OCC,apple; cognac; green; oily,101834900,101834900
CCCCCCOC(C)OCC1=CC=CC=C1,fruity; green; sweet,101834902,101834902
CCCCCCOC(CCCC)OCCCCCC,alcoholic; fermented; green,101834904,101834904
CCCCOC(CC(C)CCCC(C)(C)O)OCCCC,floral; green,101950342,101950342
CCCCCCCCCC(=O)OCCCC1=CC=CC=C1,banana; fruity; green; oily,102283665,102283665
CC1=NC=C(N=C1C)OC,earthy; musty,118655907,118655907
CC1(CSSC1=O)C,burnt; fatty; potato; roasted; savory,119096297,119096297
CC(C)C(=S)OCC=C(C)C,fruity; sulfurous; tropical,122423558,122423558
CCCCCCCC(CC=O)SC,fatty; gasoline; meaty; savory,122423559,122423559
CCCCCC(=O)CCS,berry; fruity; grape; hazelnut,122683344,122683344
CCC(C)(C=O)SC1=CC=CO1,fruity; meaty,122715604,122715604
CCCCCCCC=CC(=O)OCC(C)C,fruity; green; pear; pineapple,123385408,123385408
CC(C(=O)OSC)OC(=O)C,fruity; sulfurous; tropical,124155855,124155855
COC(=S)CCC1=CC=CO1,coffee; sulfurous,126696534,126696534
CC=CC1=C(C(=C(C=C1)O)OC)OC,phenolic; smoky; spicy,129700071,129700071
CC1C(O1)(C2=CC=CC=C2)C(=O)OC,fruity; pungent; sharp; sweet,129702099,129702099
CCCCCC=CC=CC=CO,fishy; green,129717465,129717465
CC1=CC(=C(CC1)C(C)C)OC(=O)C,fruity; herbal; mint,129806554,129806554
CCCCCC(=O)OC=CC(=C)C,fruity; green; pineapple; tropical,129821760,129821760
CC1=CC(=C(CC1)C(C)C)C=O,fatty; herbal; spicy,129847813,129847813
CC(CCC=C(C)C)CC(O)OC(=O)C,floral; green,129864017,129864017
CC1C(CCO1)SC(=O)C,meaty; roasted; sulfurous,129968705,129968705
C1=CC=C(C=C1)CCCC2=CC=NN2,aromatic; burnt; roasted,139559011,139559011
CC(C)C(=S)OCC=C,fruity; pineapple; tropical,140029897,140029897
CCCCCCOC(C=CCCC)OCCCCCC,fruity; green; vegetable,140045938,140045938
CCCCCCOC(C)OCCCCC,alcoholic; cognac; ethereal; green; vegetable,140045942,140045942
CCCCCCOC(C)OCCCC,alcoholic; cognac; ethereal; green; vegetable,140045945,140045945
CCCCOC(=O)C1(C(O1)C)C2=CC=CC=C2,fruity,140045950,140045950
CCCCCCCOC(=O)C(C)(C(=O)CCC)O,buttery; fruity; milky; waxy,140045951,140045951
CCCCCC(=O)OC(CCCC)C(=O)OCC,fruity; sweet; waxy,140045955,140045955
CCCCCCOC(CC(C)C)OCCCCCC,alcoholic; cocoa; fermented; green; malty,140045960,140045960
CCCCCC(OCCCC)OCCC(C)C,apple; cognac; green; oily,140045973,140045973
CCCCCCCCCCCC(OCCCCCC)OCCCCCC,fatty; green; waxy,140045980,140045980
CC(C)CC(=S)OCC=C(C)C,fruity; sulfurous; tropical,140760926,140760926
CC1=CC=CC=C1OC(=S)C,meaty; sulfurous,141217835,141217835
C1C=COC1CS,meaty; roasted; savory; sulfurous,142762796,142762796
CCC(COC(=O)C)C(=O)OC,burnt; fruity; pineapple; tropical,142775203,142775203
CC(C)CCOC(C(C)C)OCC(C)C,alcoholic; cocoa; ethereal; fermented; green; malty,146677681,146677681
CCOC(C(C)C)OCC(C)C,alcoholic; cocoa; ethereal; fermented; green; malty,146679225,146679225
CCOC(CC(C)C)OCCC(C)C,alcoholic; cocoa; cognac; fermented; green; malty,146679297,146679297
CCCCC1C(=O)OCCO1,caramellic; fruity; peach; winey,148244304,148244304
CCCC(=O)OC=CC(=C)C,apple; fruity; green,148244548,148244548
CCCCCCCCCC(=O)OC=CCCCC,fruity; green; waxy,148547519,148547519
CCCCCC1C(=O)OCCO1,buttery; caramellic; fruity; peach; winey,149252478,149252478
CCCC1=NC(=C(S1)CC)CC,fruity; green,150030476,150030476
CCCC(C)C(=S)OC,cheesy; creamy; dairy; fermented; sulfurous; tropical; vegetable,150356494,150356494
CC(OCC1=CC=CO1)SCC2=CC=CO2,coffee; sulfurous,151211444,151211444
CCCCCCOC(CCCCC)OCCCC,apple; cognac; green; oily,151986522,151986522
CCC1(C(O1)(C2=CC=CC=C2)C(=O)OCC)C,berry; fruity,153303552,153303552
CCCCOC(=S)C(C)C,fruity; mushroom; radish; sulfurous,154236401,154236401
CCC1CSSSC1(CC)CC,alliaceous; green; onion; savory,154241350,154241350
CC(S)SS,alliaceous; roasted; savory; sulfurous,155323379,155323379
CCC(C)C(=S)OCC(C)C,cheesy; creamy; fruity; ripe; strawberry; sulfurous; tropical,158699780,158699780
CCCCCCCC=COC(=O)CCC,fruity; green; melon; tropical; waxy,161504856,161504856
C(CSCCC(S)S)C(S)S,alliaceous; fruity; garlic; green; onion,162353069,162353069
